Workbook

Sheet Intermediate
A1: Course name | B1: Uni | C1: Label | D1: Requirements | E1: Architecture | F1: Design | G1: Construction & Programming *** | H1: Testing | I1: Operations | J1: Maintenance | K1: Configuration mgmt | L1: SE management | M1: SE process | N1: SE models* | O1: SW Security | P1: SE economics | Q1: Verification** | R1: Progr. Language design**
A2: AppLab | B2: OU | C2: =_xlfn.CONCAT(B2, " ", A2) -> OU AppLab
A3: Concepten van programmeertalen | B3: OU | C3: =_xlfn.CONCAT(B3, " ", A3) -> OU Concepten van programmeertalen | R3: X
A4: Functioneel programmeren | B4: OU | C4: =_xlfn.CONCAT(B4, " ", A4) -> OU Functioneel programmeren | G4: X
A5: Geavanceerd objectgeoriënteerd programmeren | B5: OU | C5: =_xlfn.CONCAT(B5, " ", A5) -> OU Geavanceerd objectgeoriënteerd programmeren | F5: X | G5: X
A6: Model-driven development | B6: OU | C6: =_xlfn.CONCAT(B6, " ", A6) -> OU Model-driven development | F6: X | G6: X | N6: X
A7: Objectgeoriënteerd analyseren en ontwerpen | B7: OU | C7: =_xlfn.CONCAT(B7, " ", A7) -> OU Objectgeoriënteerd analyseren en ontwerpen | D7: X | F7: X | M7: X | N7: X
A8: Objectgeoriënteerd programmeren | B8: OU | C8: =_xlfn.CONCAT(B8, " ", A8) -> OU Objectgeoriënteerd programmeren | G8: X
A9: Practicum ontwerpen en implementeren | B9: OU | C9: =_xlfn.CONCAT(B9, " ", A9) -> OU Practicum ontwerpen en implementeren
A10: Software engineering | B10: OU | C10: =_xlfn.CONCAT(B10, " ", A10) -> OU Software engineering
A11: Software testen | B11: OU | C11: =_xlfn.CONCAT(B11, " ", A11) -> OU Software testen | H11: X | I11: X | K11: X
A12: Design for change | B12: OU | C12: =_xlfn.CONCAT(B12, " ", A12) -> OU Design for change | F12: X | G12: X | N12: X
A13: Software Architecture | B13: OU | C13: =_xlfn.CONCAT(B13, " ", A13) -> OU Software Architecture | D13: X | E13: X
A14: Software quality management | B14: OU | C14: =_xlfn.CONCAT(B14, " ", A14) -> OU Software quality management | G14: X | J14: X | M14: X
A15: Software security | B15: OU | C15: =_xlfn.CONCAT(B15, " ", A15) -> OU Software security | O15: X
A16: System verification and testing | B16: OU | C16: =_xlfn.CONCAT(B16, " ", A16) -> OU System verification and testing | H16: X | Q16: X
A17: Functional Programming | B17: RU | C17: =_xlfn.CONCAT(B17, " ", A17) -> RU Functional Programming | G17: X | N17: X
A18: Object Oriented Programming | B18: RU | C18: =_xlfn.CONCAT(B18, " ", A18) -> RU Object Oriented Programming | F18: X | G18: X
A19: Requirements Engineering and design | B19: RU | C19: =_xlfn.CONCAT(B19, " ", A19) -> RU Requirements Engineering and design | D19: X | L19: X
A20: Research & Development project | B20: RU | C20: =_xlfn.CONCAT(B20, " ", A20) -> RU Research & Development project
A21: Semantics and Rewriting | B21: RU | C21: =_xlfn.CONCAT(B21, " ", A21) -> RU Semantics and Rewriting | R21: X
A22: Software Engineering | B22: RU | C22: =_xlfn.CONCAT(B22, " ", A22) -> RU Software Engineering
A23: Software verification | B23: RU | C23: =_xlfn.CONCAT(B23, " ", A23) -> RU Software verification | H23: X | N23: X | Q23: X
A24: Imperative programming | B24: RU | C24: =_xlfn.CONCAT(B24, " ", A24) -> RU Imperative programming | G24: X
A25: Advanced Programming | B25: RU | C25: =_xlfn.CONCAT(B25, " ", A25) -> RU Advanced Programming | G25: X | R25: X
A26: Compiler construction | B26: RU | C26: =_xlfn.CONCAT(B26, " ", A26) -> RU Compiler construction | R26: X
A27: Model checking | B27: RU | C27: =_xlfn.CONCAT(B27, " ", A27) -> RU Model checking | Q27: X
A28: Program verification with types and logic | B28: RU | C28: =_xlfn.CONCAT(B28, " ", A28) -> RU Program verification with types and logic | Q28: X | R28: X
A29: Research Seminar Software Science | B29: RU | C29: =_xlfn.CONCAT(B29, " ", A29) -> RU Research Seminar Software Science
A30: Software Development Entrepreneurship | B30: RU | C30: =_xlfn.CONCAT(B30, " ", A30) -> RU Software Development Entrepreneurship | L30: X | M30: X | P30: X
A31: Software Product Lines | B31: RU | C31: =_xlfn.CONCAT(B31, " ", A31) -> RU Software Product Lines | E31: X | I31: X | L31: X
A32: Software Security | B32: RU | C32: =_xlfn.CONCAT(B32, " ", A32) -> RU Software Security | O32: X
A33: Systems Development Management | B33: RU | C33: =_xlfn.CONCAT(B33, " ", A33) -> RU Systems Development Management | I33: X | L33: X | M33: X
A34: Testing Techniques | B34: RU | C34: =_xlfn.CONCAT(B34, " ", A34) -> RU Testing Techniques | H34: X | M34: X | N34: X
A35: Type Theory and Coq | B35: RU | C35: =_xlfn.CONCAT(B35, " ", A35) -> RU Type Theory and Coq | Q35: X | R35: X
A36: Advanced Object Oriented Programming | B36: RUG | C36: =_xlfn.CONCAT(B36, " ", A36) -> RUG Advanced Object Oriented Programming | F36: X | G36: X | K36: X | M36: X
A37: Advanced programming in C++ | B37: RUG | C37: =_xlfn.CONCAT(B37, " ", A37) -> RUG Advanced programming in C++ | G37: X
A38: Compiler Construction | B38: RUG | C38: =_xlfn.CONCAT(B38, " ", A38) -> RUG Compiler Construction | R38: X
A39: Functional Programming | B39: RUG | C39: =_xlfn.CONCAT(B39, " ", A39) -> RUG Functional Programming | G39: X
A40: Introduction to Scientific Computing | B40: RUG | C40: =_xlfn.CONCAT(B40, " ", A40) -> RUG Introduction to Scientific Computing | G40: X
A41: Object-Oriented Programming (for CS) | B41: RUG | C41: =_xlfn.CONCAT(B41, " ", A41) -> RUG Object-Oriented Programming (for CS) | G41: X | N41: X
A42: Parallel Computing | B42: RUG | C42: =_xlfn.CONCAT(B42, " ", A42) -> RUG Parallel Computing | G42: X
A43: Problem Analysis and Software Design | B43: RUG | C43: =_xlfn.CONCAT(B43, " ", A43) -> RUG Problem Analysis and Software Design | D43: X | F43: X
A44: Program Correctness | B44: RUG | C44: =_xlfn.CONCAT(B44, " ", A44) -> RUG Program Correctness | O44: X | Q44: X
A45: Programming in C++ | B45: RUG | C45: =_xlfn.CONCAT(B45, " ", A45) -> RUG Programming in C++ | G45: X
A46: Short programming project | B46: RUG | C46: =_xlfn.CONCAT(B46, " ", A46) -> RUG Short programming project
A47: Software Engineering | B47: RUG | C47: =_xlfn.CONCAT(B47, " ", A47) -> RUG Software Engineering
A48: Software Language Engineering | B48: RUG | C48: =_xlfn.CONCAT(B48, " ", A48) -> RUG Software Language Engineering | R48: X
A49: Web Engineering | B49: RUG | C49: =_xlfn.CONCAT(B49, " ", A49) -> RUG Web Engineering | E49: X | G49: X | K49: X | N49: X
A50: Advanced Parallel Programming | B50: RUG | C50: =_xlfn.CONCAT(B50, " ", A50) -> RUG Advanced Parallel Programming | G50: X
A51: Advanced Software Architecture | B51: RUG | C51: =_xlfn.CONCAT(B51, " ", A51) -> RUG Advanced Software Architecture | E51: X | F51: X | L51: X
A52: Evidence-Based Software Engineering | B52: RUG | C52: =_xlfn.CONCAT(B52, " ", A52) -> RUG Evidence-Based Software Engineering | I52: X | L52: X | M52: X
A53: Models and Semantics of Computation | B53: RUG | C53: =_xlfn.CONCAT(B53, " ", A53) -> RUG Models and Semantics of Computation | Q53: X | R53: X
A54: Software Analytics | B54: RUG | C54: =_xlfn.CONCAT(B54, " ", A54) -> RUG Software Analytics | J54: X | L54: X | M54: X
A55: Software Architecture | B55: RUG | C55: =_xlfn.CONCAT(B55, " ", A55) -> RUG Software Architecture | E55: X | F55: X | J55: X | N55: X
A56: Software Maintenance and Evolution | B56: RUG | C56: =_xlfn.CONCAT(B56, " ", A56) -> RUG Software Maintenance and Evolution | F56: X | J56: X | K56: X | L56: X | M56: X
A57: Web and Cloud Computing | B57: RUG | C57: =_xlfn.CONCAT(B57, " ", A57) -> RUG Web and Cloud Computing | E57: X | G57: X
A58: Advanced Software Engineering | B58: TU/e | C58: =_xlfn.CONCAT(B58, " ", A58) -> TU/e Advanced Software Engineering | D58: X | E58: X | F58: X | I58: X | N58: X
A59: CBL Autonomous Systems Twinning | B59: TU/e | C59: =_xlfn.CONCAT(B59, " ", A59) -> TU/e CBL Autonomous Systems Twinning
A60: Functional Programming | B60: TU/e | C60: =_xlfn.CONCAT(B60, " ", A60) -> TU/e Functional Programming | G60: X
A61: Programming | B61: TU/e | C61: =_xlfn.CONCAT(B61, " ", A61) -> TU/e Programming | G61: X
A62: Provable Programming | B62: TU/e | C62: =_xlfn.CONCAT(B62, " ", A62) -> TU/e Provable Programming | Q62: X
A63: Software Design | B63: TU/e | C63: =_xlfn.CONCAT(B63, " ", A63) -> TU/e Software Design | D63: X | F63: X
A64: Software development for Engineers | B64: TU/e | C64: =_xlfn.CONCAT(B64, " ", A64) -> TU/e Software development for Engineers | G64: X | K64: X
A65: Software Engineering Project | B65: TU/e | C65: =_xlfn.CONCAT(B65, " ", A65) -> TU/e Software Engineering Project
A66: Software Specification | B66: TU/e | C66: =_xlfn.CONCAT(B66, " ", A66) -> TU/e Software Specification | D66: X | H66: X | N66: X | Q66: X
A67: Empirical Methods in Software Engineering | B67: TU/e | C67: =_xlfn.CONCAT(B67, " ", A67) -> TU/e Empirical Methods in Software Engineering | J67: X
A68: Domain specific language design | B68: TU/e | C68: =_xlfn.CONCAT(B68, " ", A68) -> TU/e Domain specific language design | N68: X | R68: X
A69: Program Verification Techniques | B69: TU/e | C69: =_xlfn.CONCAT(B69, " ", A69) -> TU/e Program Verification Techniques | H69: X | Q69: X
A70: Software evolution | B70: TU/e | C70: =_xlfn.CONCAT(B70, " ", A70) -> TU/e Software evolution | J70: X | K70: X | M70: X
A71: Software project management | B71: TU/e | C71: =_xlfn.CONCAT(B71, " ", A71) -> TU/e Software project management | L71: X
A72: System design engineering | B72: TU/e | C72: =_xlfn.CONCAT(B72, " ", A72) -> TU/e System design engineering | D72: X | E72: X | F72: X | N72: X
A73: Concepts of Programming Languages | B73: TUD | C73: =_xlfn.CONCAT(B73, " ", A73) -> TUD Concepts of Programming Languages | R73: X
A74: Functional Programming | B74: TUD | C74: =_xlfn.CONCAT(B74, " ", A74) -> TUD Functional Programming | G74: X | Q74: X
A75: OOP Project | B75: TUD | C75: =_xlfn.CONCAT(B75, " ", A75) -> TUD OOP Project
A76: Software Engineering Methods | B76: TUD | C76: =_xlfn.CONCAT(B76, " ", A76) -> TUD Software Engineering Methods | I76: X | J76: X | L76: X | M76: X
A77: Software Engineering Methods (Minors) | B77: TUD | C77: =_xlfn.CONCAT(B77, " ", A77) -> TUD Software Engineering Methods (Minors)
A78: Software Project | B78: TUD | C78: =_xlfn.CONCAT(B78, " ", A78) -> TUD Software Project
A79: Software Quality and Testing | B79: TUD | C79: =_xlfn.CONCAT(B79, " ", A79) -> TUD Software Quality and Testing | H79: X
A80: Object-Oriented Programming | B80: TUD | C80: =_xlfn.CONCAT(B80, " ", A80) -> TUD Object-Oriented Programming | G80: X
A81: Analytics and Machine Learning for Software Engineering | B81: TUD | C81: =_xlfn.CONCAT(B81, " ", A81) -> TUD Analytics and Machine Learning for Software Engineering | L81: X
A82: Artificial Intelligence for Software Testing and Reverse Engineering | B82: TUD | C82: =_xlfn.CONCAT(B82, " ", A82) -> TUD Artificial Intelligence for Software Testing and Reverse Engineering | H82: X | O82: X
A83: Compiler Construction | B83: TUD | C83: =_xlfn.CONCAT(B83, " ", A83) -> TUD Compiler Construction | R83: X
A84: Language-based Software Security | B84: TUD | C84: =_xlfn.CONCAT(B84, " ", A84) -> TUD Language-based Software Security | G84: X | O84: X | R84: X
A85: Release Engineering for Software Engineering | B85: TUD | C85: =_xlfn.CONCAT(B85, " ", A85) -> TUD Release Engineering for Software Engineering | J85: X | K85: X | L85: X | M85: X
A86: Software Architecture | B86: TUD | C86: =_xlfn.CONCAT(B86, " ", A86) -> TUD Software Architecture | E86: X | N86: X
A87: Sustainable Software Engineering | B87: TUD | C87: =_xlfn.CONCAT(B87, " ", A87) -> TUD Sustainable Software Engineering | J87: X | P87: X
A88: Testing and Validation for AI-intensive systems | B88: TUD | C88: =_xlfn.CONCAT(B88, " ", A88) -> TUD Testing and Validation for AI-intensive systems | H88: X | J88: X | O88: X
A89: Software Verification | B89: TUD | C89: =_xlfn.CONCAT(B89, " ", A89) -> TUD Software Verification | Q89: X
A90: Basic Programming in Python | B90: UL | C90: =_xlfn.CONCAT(B90, " ", A90) -> UL Basic Programming in Python | G90: X
A91: Concepts of Programming Languages | B91: UL | C91: =_xlfn.CONCAT(B91, " ", A91) -> UL Concepts of Programming Languages | Q91: X | R91: X
A92: Introduction to Programming (BSc) | B92: UL | C92: =_xlfn.CONCAT(B92, " ", A92) -> UL Introduction to Programming (BSc) | G92: X
A93: Program Correctness | B93: UL | C93: =_xlfn.CONCAT(B93, " ", A93) -> UL Program Correctness | Q93: X
A94: Programmeermethoden | B94: UL | C94: =_xlfn.CONCAT(B94, " ", A94) -> UL Programmeermethoden | G94: X
A95: Programming Techniques | B95: UL | C95: =_xlfn.CONCAT(B95, " ", A95) -> UL Programming Techniques | G95: X
A96: Projectmanagement | B96: UL | C96: =_xlfn.CONCAT(B96, " ", A96) -> UL Projectmanagement | I96: X | L96: X | M96: X
A97: Requirements Engineering | B97: UL | C97: =_xlfn.CONCAT(B97, " ", A97) -> UL Requirements Engineering | D97: X
A98: Security | B98: UL | C98: =_xlfn.CONCAT(B98, " ", A98) -> UL Security | O98: X
A99: Seminar Business Information Systems | B99: UL | C99: =_xlfn.CONCAT(B99, " ", A99) -> UL Seminar Business Information Systems | E99: X | I99: X | L99: X
A100: Software Development | B100: UL | C100: =_xlfn.CONCAT(B100, " ", A100) -> UL Software Development | G100: X | M100: X
...

Sheet Final
A1: Course name | B1: Uni | C1: Label | D1: Requirements | E1: Architecture | F1: Design | G1: Construction & Programming *** | H1: Testing | I1: Operations | J1: Maintenance | K1: Configuration mgmt | L1: SE management | M1: SE process | N1: SE models* | O1: SW Security | P1: SE economics | Q1: Verification** | R1: Progr. Language design** | T1: Requirements | U1: Architecture | V1: Design | W1: Construction & Programming *** | X1: Testing | Y1: Operations | Z1: Maintenance | AA1: Configuration mgmt | AB1: SE management | AC1: SE process | AD1: SE models* | AE1: SW Security | AF1: SE economics | AG1: Verification** | AH1: Progr. Language design**
A2: AppLab | B2: OU | C2: =_xlfn.CONCAT(B2, " ", A2) -> OU AppLab | T2: =IF(VLOOKUP($C2,Intermediate!$C$2:$R$208,2,FALSE)=D2, "", IF(D2="x","+", "-")) | U2: =IF(VLOOKUP($C2,Intermediate!$C$2:$R$208,3,FALSE)=E2, "", IF(E2="x","+", "-")) | V2: =IF(VLOOKUP($C2,Intermediate!$C$2:$R$208,4,FALSE)=F2, "", IF(F2="x","+", "-")) | W2: =IF(VLOOKUP($C2,Intermediate!$C$2:$R$208,5,FALSE)=G2, "", IF(G2="x","+", "-")) | X2: =IF(VLOOKUP($C2,Intermediate!$C$2:$R$208,6,FALSE)=H2, "", IF(H2="x","+", "-")) | Y2: =IF(VLOOKUP($C2,Intermediate!$C$2:$R$208,7,FALSE)=I2, "", IF(I2="x","+", "-")) | Z2: =IF(VLOOKUP($C2,Intermediate!$C$2:$R$208,8,FALSE)=J2, "", IF(J2="x","+", "-")) | AA2: =IF(VLOOKUP($C2,Intermediate!$C$2:$R$208,9,FALSE)=K2, "", IF(K2="x","+", "-")) | AB2: =IF(VLOOKUP($C2,Intermediate!$C$2:$R$208,10,FALSE)=L2, "", IF(L2="x","+", "-")) | AC2: =IF(VLOOKUP($C2,Intermediate!$C$2:$R$208,11,FALSE)=M2, "", IF(M2="x","+", "-")) | AD2: =IF(VLOOKUP($C2,Intermediate!$C$2:$R$208,12,FALSE)=N2, "", IF(N2="x","+", "-")) | AE2: =IF(VLOOKUP($C2,Intermediate!$C$2:$R$208,13,FALSE)=O2, "", IF(O2="x","+", "-")) | AF2: =IF(VLOOKUP($C2,Intermediate!$C$2:$R$208,14,FALSE)=P2, "", IF(P2="x","+", "-")) | AG2: =IF(VLOOKUP($C2,Intermediate!$C$2:$R$208,15,FALSE)=Q2, "", IF(Q2="x","+", "-")) | AH2: =IF(VLOOKUP($C2,Intermediate!$C$2:$R$208,16,FALSE)=R2, "", IF(R2="x","+", "-"))
A3: Concepten van programmeertalen | B3: OU | C3: =_xlfn.CONCAT(B3, " ", A3) -> OU Concepten van programmeertalen | R3: X | T3: =IF(VLOOKUP($C3,Intermediate!$C$2:$R$208,2,FALSE)=D3, "", IF(D3="x","+", "-")) | U3: =IF(VLOOKUP($C3,Intermediate!$C$2:$R$208,3,FALSE)=E3, "", IF(E3="x","+", "-")) | V3: =IF(VLOOKUP($C3,Intermediate!$C$2:$R$208,4,FALSE)=F3, "", IF(F3="x","+", "-")) | W3: =IF(VLOOKUP($C3,Intermediate!$C$2:$R$208,5,FALSE)=G3, "", IF(G3="x","+", "-")) | X3: =IF(VLOOKUP($C3,Intermediate!$C$2:$R$208,6,FALSE)=H3, "", IF(H3="x","+", "-")) | Y3: =IF(VLOOKUP($C3,Intermediate!$C$2:$R$208,7,FALSE)=I3, "", IF(I3="x","+", "-")) | Z3: =IF(VLOOKUP($C3,Intermediate!$C$2:$R$208,8,FALSE)=J3, "", IF(J3="x","+", "-")) | AA3: =IF(VLOOKUP($C3,Intermediate!$C$2:$R$208,9,FALSE)=K3, "", IF(K3="x","+", "-")) | AB3: =IF(VLOOKUP($C3,Intermediate!$C$2:$R$208,10,FALSE)=L3, "", IF(L3="x","+", "-")) | AC3: =IF(VLOOKUP($C3,Intermediate!$C$2:$R$208,11,FALSE)=M3, "", IF(M3="x","+", "-")) | AD3: =IF(VLOOKUP($C3,Intermediate!$C$2:$R$208,12,FALSE)=N3, "", IF(N3="x","+", "-")) | AE3: =IF(VLOOKUP($C3,Intermediate!$C$2:$R$208,13,FALSE)=O3, "", IF(O3="x","+", "-")) | AF3: =IF(VLOOKUP($C3,Intermediate!$C$2:$R$208,14,FALSE)=P3, "", IF(P3="x","+", "-")) | AG3: =IF(VLOOKUP($C3,Intermediate!$C$2:$R$208,15,FALSE)=Q3, "", IF(Q3="x","+", "-")) | AH3: =IF(VLOOKUP($C3,Intermediate!$C$2:$R$208,16,FALSE)=R3, "", IF(R3="x","+", "-"))
A4: Functioneel programmeren | B4: OU | C4: =_xlfn.CONCAT(B4, " ", A4) -> OU Functioneel programmeren | G4: X | T4: =IF(VLOOKUP($C4,Intermediate!$C$2:$R$208,2,FALSE)=D4, "", IF(D4="x","+", "-")) | U4: =IF(VLOOKUP($C4,Intermediate!$C$2:$R$208,3,FALSE)=E4, "", IF(E4="x","+", "-")) | V4: =IF(VLOOKUP($C4,Intermediate!$C$2:$R$208,4,FALSE)=F4, "", IF(F4="x","+", "-")) | W4: =IF(VLOOKUP($C4,Intermediate!$C$2:$R$208,5,FALSE)=G4, "", IF(G4="x","+", "-")) | X4: =IF(VLOOKUP($C4,Intermediate!$C$2:$R$208,6,FALSE)=H4, "", IF(H4="x","+", "-")) | Y4: =IF(VLOOKUP($C4,Intermediate!$C$2:$R$208,7,FALSE)=I4, "", IF(I4="x","+", "-")) | Z4: =IF(VLOOKUP($C4,Intermediate!$C$2:$R$208,8,FALSE)=J4, "", IF(J4="x","+", "-")) | AA4: =IF(VLOOKUP($C4,Intermediate!$C$2:$R$208,9,FALSE)=K4, "", IF(K4="x","+", "-")) | AB4: =IF(VLOOKUP($C4,Intermediate!$C$2:$R$208,10,FALSE)=L4, "", IF(L4="x","+", "-")) | AC4: =IF(VLOOKUP($C4,Intermediate!$C$2:$R$208,11,FALSE)=M4, "", IF(M4="x","+", "-")) | AD4: =IF(VLOOKUP($C4,Intermediate!$C$2:$R$208,12,FALSE)=N4, "", IF(N4="x","+", "-")) | AE4: =IF(VLOOKUP($C4,Intermediate!$C$2:$R$208,13,FALSE)=O4, "", IF(O4="x","+", "-")) | AF4: =IF(VLOOKUP($C4,Intermediate!$C$2:$R$208,14,FALSE)=P4, "", IF(P4="x","+", "-")) | AG4: =IF(VLOOKUP($C4,Intermediate!$C$2:$R$208,15,FALSE)=Q4, "", IF(Q4="x","+", "-")) | AH4: =IF(VLOOKUP($C4,Intermediate!$C$2:$R$208,16,FALSE)=R4, "", IF(R4="x","+", "-"))
A5: Geavanceerd objectgeoriënteerd programmeren | B5: OU | C5: =_xlfn.CONCAT(B5, " ", A5) -> OU Geavanceerd objectgeoriënteerd programmeren | F5: X | G5: X | T5: =IF(VLOOKUP($C5,Intermediate!$C$2:$R$208,2,FALSE)=D5, "", IF(D5="x","+", "-")) | U5: =IF(VLOOKUP($C5,Intermediate!$C$2:$R$208,3,FALSE)=E5, "", IF(E5="x","+", "-")) | V5: =IF(VLOOKUP($C5,Intermediate!$C$2:$R$208,4,FALSE)=F5, "", IF(F5="x","+", "-")) | W5: =IF(VLOOKUP($C5,Intermediate!$C$2:$R$208,5,FALSE)=G5, "", IF(G5="x","+", "-")) | X5: =IF(VLOOKUP($C5,Intermediate!$C$2:$R$208,6,FALSE)=H5, "", IF(H5="x","+", "-")) | Y5: =IF(VLOOKUP($C5,Intermediate!$C$2:$R$208,7,FALSE)=I5, "", IF(I5="x","+", "-")) | Z5: =IF(VLOOKUP($C5,Intermediate!$C$2:$R$208,8,FALSE)=J5, "", IF(J5="x","+", "-")) | AA5: =IF(VLOOKUP($C5,Intermediate!$C$2:$R$208,9,FALSE)=K5, "", IF(K5="x","+", "-")) | AB5: =IF(VLOOKUP($C5,Intermediate!$C$2:$R$208,10,FALSE)=L5, "", IF(L5="x","+", "-")) | AC5: =IF(VLOOKUP($C5,Intermediate!$C$2:$R$208,11,FALSE)=M5, "", IF(M5="x","+", "-")) | AD5: =IF(VLOOKUP($C5,Intermediate!$C$2:$R$208,12,FALSE)=N5, "", IF(N5="x","+", "-")) | AE5: =IF(VLOOKUP($C5,Intermediate!$C$2:$R$208,13,FALSE)=O5, "", IF(O5="x","+", "-")) | AF5: =IF(VLOOKUP($C5,Intermediate!$C$2:$R$208,14,FALSE)=P5, "", IF(P5="x","+", "-")) | AG5: =IF(VLOOKUP($C5,Intermediate!$C$2:$R$208,15,FALSE)=Q5, "", IF(Q5="x","+", "-")) | AH5: =IF(VLOOKUP($C5,Intermediate!$C$2:$R$208,16,FALSE)=R5, "", IF(R5="x","+", "-"))
A6: Model-driven development | B6: OU | C6: =_xlfn.CONCAT(B6, " ", A6) -> OU Model-driven development | F6: X | G6: X | N6: X | T6: =IF(VLOOKUP($C6,Intermediate!$C$2:$R$208,2,FALSE)=D6, "", IF(D6="x","+", "-")) | U6: =IF(VLOOKUP($C6,Intermediate!$C$2:$R$208,3,FALSE)=E6, "", IF(E6="x","+", "-")) | V6: =IF(VLOOKUP($C6,Intermediate!$C$2:$R$208,4,FALSE)=F6, "", IF(F6="x","+", "-")) | W6: =IF(VLOOKUP($C6,Intermediate!$C$2:$R$208,5,FALSE)=G6, "", IF(G6="x","+", "-")) | X6: =IF(VLOOKUP($C6,Intermediate!$C$2:$R$208,6,FALSE)=H6, "", IF(H6="x","+", "-")) | Y6: =IF(VLOOKUP($C6,Intermediate!$C$2:$R$208,7,FALSE)=I6, "", IF(I6="x","+", "-")) | Z6: =IF(VLOOKUP($C6,Intermediate!$C$2:$R$208,8,FALSE)=J6, "", IF(J6="x","+", "-")) | AA6: =IF(VLOOKUP($C6,Intermediate!$C$2:$R$208,9,FALSE)=K6, "", IF(K6="x","+", "-")) | AB6: =IF(VLOOKUP($C6,Intermediate!$C$2:$R$208,10,FALSE)=L6, "", IF(L6="x","+", "-")) | AC6: =IF(VLOOKUP($C6,Intermediate!$C$2:$R$208,11,FALSE)=M6, "", IF(M6="x","+", "-")) | AD6: =IF(VLOOKUP($C6,Intermediate!$C$2:$R$208,12,FALSE)=N6, "", IF(N6="x","+", "-")) | AE6: =IF(VLOOKUP($C6,Intermediate!$C$2:$R$208,13,FALSE)=O6, "", IF(O6="x","+", "-")) | AF6: =IF(VLOOKUP($C6,Intermediate!$C$2:$R$208,14,FALSE)=P6, "", IF(P6="x","+", "-")) | AG6: =IF(VLOOKUP($C6,Intermediate!$C$2:$R$208,15,FALSE)=Q6, "", IF(Q6="x","+", "-")) | AH6: =IF(VLOOKUP($C6,Intermediate!$C$2:$R$208,16,FALSE)=R6, "", IF(R6="x","+", "-"))
A7: Objectgeoriënteerd analyseren en ontwerpen | B7: OU | C7: =_xlfn.CONCAT(B7, " ", A7) -> OU Objectgeoriënteerd analyseren en ontwerpen | D7: X | F7: X | M7: X | N7: X | T7: =IF(VLOOKUP($C7,Intermediate!$C$2:$R$208,2,FALSE)=D7, "", IF(D7="x","+", "-")) | U7: =IF(VLOOKUP($C7,Intermediate!$C$2:$R$208,3,FALSE)=E7, "", IF(E7="x","+", "-")) | V7: =IF(VLOOKUP($C7,Intermediate!$C$2:$R$208,4,FALSE)=F7, "", IF(F7="x","+", "-")) | W7: =IF(VLOOKUP($C7,Intermediate!$C$2:$R$208,5,FALSE)=G7, "", IF(G7="x","+", "-")) | X7: =IF(VLOOKUP($C7,Intermediate!$C$2:$R$208,6,FALSE)=H7, "", IF(H7="x","+", "-")) | Y7: =IF(VLOOKUP($C7,Intermediate!$C$2:$R$208,7,FALSE)=I7, "", IF(I7="x","+", "-")) | Z7: =IF(VLOOKUP($C7,Intermediate!$C$2:$R$208,8,FALSE)=J7, "", IF(J7="x","+", "-")) | AA7: =IF(VLOOKUP($C7,Intermediate!$C$2:$R$208,9,FALSE)=K7, "", IF(K7="x","+", "-")) | AB7: =IF(VLOOKUP($C7,Intermediate!$C$2:$R$208,10,FALSE)=L7, "", IF(L7="x","+", "-")) | AC7: =IF(VLOOKUP($C7,Intermediate!$C$2:$R$208,11,FALSE)=M7, "", IF(M7="x","+", "-")) | AD7: =IF(VLOOKUP($C7,Intermediate!$C$2:$R$208,12,FALSE)=N7, "", IF(N7="x","+", "-")) | AE7: =IF(VLOOKUP($C7,Intermediate!$C$2:$R$208,13,FALSE)=O7, "", IF(O7="x","+", "-")) | AF7: =IF(VLOOKUP($C7,Intermediate!$C$2:$R$208,14,FALSE)=P7, "", IF(P7="x","+", "-")) | AG7: =IF(VLOOKUP($C7,Intermediate!$C$2:$R$208,15,FALSE)=Q7, "", IF(Q7="x","+", "-")) | AH7: =IF(VLOOKUP($C7,Intermediate!$C$2:$R$208,16,FALSE)=R7, "", IF(R7="x","+", "-"))
A8: Objectgeoriënteerd programmeren | B8: OU | C8: =_xlfn.CONCAT(B8, " ", A8) -> OU Objectgeoriënteerd programmeren | G8: X | T8: =IF(VLOOKUP($C8,Intermediate!$C$2:$R$208,2,FALSE)=D8, "", IF(D8="x","+", "-")) | U8: =IF(VLOOKUP($C8,Intermediate!$C$2:$R$208,3,FALSE)=E8, "", IF(E8="x","+", "-")) | V8: =IF(VLOOKUP($C8,Intermediate!$C$2:$R$208,4,FALSE)=F8, "", IF(F8="x","+", "-")) | W8: =IF(VLOOKUP($C8,Intermediate!$C$2:$R$208,5,FALSE)=G8, "", IF(G8="x","+", "-")) | X8: =IF(VLOOKUP($C8,Intermediate!$C$2:$R$208,6,FALSE)=H8, "", IF(H8="x","+", "-")) | Y8: =IF(VLOOKUP($C8,Intermediate!$C$2:$R$208,7,FALSE)=I8, "", IF(I8="x","+", "-")) | Z8: =IF(VLOOKUP($C8,Intermediate!$C$2:$R$208,8,FALSE)=J8, "", IF(J8="x","+", "-")) | AA8: =IF(VLOOKUP($C8,Intermediate!$C$2:$R$208,9,FALSE)=K8, "", IF(K8="x","+", "-")) | AB8: =IF(VLOOKUP($C8,Intermediate!$C$2:$R$208,10,FALSE)=L8, "", IF(L8="x","+", "-")) | AC8: =IF(VLOOKUP($C8,Intermediate!$C$2:$R$208,11,FALSE)=M8, "", IF(M8="x","+", "-")) | AD8: =IF(VLOOKUP($C8,Intermediate!$C$2:$R$208,12,FALSE)=N8, "", IF(N8="x","+", "-")) | AE8: =IF(VLOOKUP($C8,Intermediate!$C$2:$R$208,13,FALSE)=O8, "", IF(O8="x","+", "-")) | AF8: =IF(VLOOKUP($C8,Intermediate!$C$2:$R$208,14,FALSE)=P8, "", IF(P8="x","+", "-")) | AG8: =IF(VLOOKUP($C8,Intermediate!$C$2:$R$208,15,FALSE)=Q8, "", IF(Q8="x","+", "-")) | AH8: =IF(VLOOKUP($C8,Intermediate!$C$2:$R$208,16,FALSE)=R8, "", IF(R8="x","+", "-"))
A9: Practicum ontwerpen en implementeren | B9: OU | C9: =_xlfn.CONCAT(B9, " ", A9) -> OU Practicum ontwerpen en implementeren | T9: =IF(VLOOKUP($C9,Intermediate!$C$2:$R$208,2,FALSE)=D9, "", IF(D9="x","+", "-")) | U9: =IF(VLOOKUP($C9,Intermediate!$C$2:$R$208,3,FALSE)=E9, "", IF(E9="x","+", "-")) | V9: =IF(VLOOKUP($C9,Intermediate!$C$2:$R$208,4,FALSE)=F9, "", IF(F9="x","+", "-")) | W9: =IF(VLOOKUP($C9,Intermediate!$C$2:$R$208,5,FALSE)=G9, "", IF(G9="x","+", "-")) | X9: =IF(VLOOKUP($C9,Intermediate!$C$2:$R$208,6,FALSE)=H9, "", IF(H9="x","+", "-")) | Y9: =IF(VLOOKUP($C9,Intermediate!$C$2:$R$208,7,FALSE)=I9, "", IF(I9="x","+", "-")) | Z9: =IF(VLOOKUP($C9,Intermediate!$C$2:$R$208,8,FALSE)=J9, "", IF(J9="x","+", "-")) | AA9: =IF(VLOOKUP($C9,Intermediate!$C$2:$R$208,9,FALSE)=K9, "", IF(K9="x","+", "-")) | AB9: =IF(VLOOKUP($C9,Intermediate!$C$2:$R$208,10,FALSE)=L9, "", IF(L9="x","+", "-")) | AC9: =IF(VLOOKUP($C9,Intermediate!$C$2:$R$208,11,FALSE)=M9, "", IF(M9="x","+", "-")) | AD9: =IF(VLOOKUP($C9,Intermediate!$C$2:$R$208,12,FALSE)=N9, "", IF(N9="x","+", "-")) | AE9: =IF(VLOOKUP($C9,Intermediate!$C$2:$R$208,13,FALSE)=O9, "", IF(O9="x","+", "-")) | AF9: =IF(VLOOKUP($C9,Intermediate!$C$2:$R$208,14,FALSE)=P9, "", IF(P9="x","+", "-")) | AG9: =IF(VLOOKUP($C9,Intermediate!$C$2:$R$208,15,FALSE)=Q9, "", IF(Q9="x","+", "-")) | AH9: =IF(VLOOKUP($C9,Intermediate!$C$2:$R$208,16,FALSE)=R9, "", IF(R9="x","+", "-"))
A10: Software engineering | B10: OU | C10: =_xlfn.CONCAT(B10, " ", A10) -> OU Software engineering | T10: =IF(VLOOKUP($C10,Intermediate!$C$2:$R$208,2,FALSE)=D10, "", IF(D10="x","+", "-")) | U10: =IF(VLOOKUP($C10,Intermediate!$C$2:$R$208,3,FALSE)=E10, "", IF(E10="x","+", "-")) | V10: =IF(VLOOKUP($C10,Intermediate!$C$2:$R$208,4,FALSE)=F10, "", IF(F10="x","+", "-")) | W10: =IF(VLOOKUP($C10,Intermediate!$C$2:$R$208,5,FALSE)=G10, "", IF(G10="x","+", "-")) | X10: =IF(VLOOKUP($C10,Intermediate!$C$2:$R$208,6,FALSE)=H10, "", IF(H10="x","+", "-")) | Y10: =IF(VLOOKUP($C10,Intermediate!$C$2:$R$208,7,FALSE)=I10, "", IF(I10="x","+", "-")) | Z10: =IF(VLOOKUP($C10,Intermediate!$C$2:$R$208,8,FALSE)=J10, "", IF(J10="x","+", "-")) | AA10: =IF(VLOOKUP($C10,Intermediate!$C$2:$R$208,9,FALSE)=K10, "", IF(K10="x","+", "-")) | AB10: =IF(VLOOKUP($C10,Intermediate!$C$2:$R$208,10,FALSE)=L10, "", IF(L10="x","+", "-")) | AC10: =IF(VLOOKUP($C10,Intermediate!$C$2:$R$208,11,FALSE)=M10, "", IF(M10="x","+", "-")) | AD10: =IF(VLOOKUP($C10,Intermediate!$C$2:$R$208,12,FALSE)=N10, "", IF(N10="x","+", "-")) | AE10: =IF(VLOOKUP($C10,Intermediate!$C$2:$R$208,13,FALSE)=O10, "", IF(O10="x","+", "-")) | AF10: =IF(VLOOKUP($C10,Intermediate!$C$2:$R$208,14,FALSE)=P10, "", IF(P10="x","+", "-")) | AG10: =IF(VLOOKUP($C10,Intermediate!$C$2:$R$208,15,FALSE)=Q10, "", IF(Q10="x","+", "-")) | AH10: =IF(VLOOKUP($C10,Intermediate!$C$2:$R$208,16,FALSE)=R10, "", IF(R10="x","+", "-"))
A11: Software testen | B11: OU | C11: =_xlfn.CONCAT(B11, " ", A11) -> OU Software testen | H11: X | I11: X | K11: X | T11: =IF(VLOOKUP($C11,Intermediate!$C$2:$R$208,2,FALSE)=D11, "", IF(D11="x","+", "-")) | U11: =IF(VLOOKUP($C11,Intermediate!$C$2:$R$208,3,FALSE)=E11, "", IF(E11="x","+", "-")) | V11: =IF(VLOOKUP($C11,Intermediate!$C$2:$R$208,4,FALSE)=F11, "", IF(F11="x","+", "-")) | W11: =IF(VLOOKUP($C11,Intermediate!$C$2:$R$208,5,FALSE)=G11, "", IF(G11="x","+", "-")) | X11: =IF(VLOOKUP($C11,Intermediate!$C$2:$R$208,6,FALSE)=H11, "", IF(H11="x","+", "-")) | Y11: =IF(VLOOKUP($C11,Intermediate!$C$2:$R$208,7,FALSE)=I11, "", IF(I11="x","+", "-")) | Z11: =IF(VLOOKUP($C11,Intermediate!$C$2:$R$208,8,FALSE)=J11, "", IF(J11="x","+", "-")) | AA11: =IF(VLOOKUP($C11,Intermediate!$C$2:$R$208,9,FALSE)=K11, "", IF(K11="x","+", "-")) | AB11: =IF(VLOOKUP($C11,Intermediate!$C$2:$R$208,10,FALSE)=L11, "", IF(L11="x","+", "-")) | AC11: =IF(VLOOKUP($C11,Intermediate!$C$2:$R$208,11,FALSE)=M11, "", IF(M11="x","+", "-")) | AD11: =IF(VLOOKUP($C11,Intermediate!$C$2:$R$208,12,FALSE)=N11, "", IF(N11="x","+", "-")) | AE11: =IF(VLOOKUP($C11,Intermediate!$C$2:$R$208,13,FALSE)=O11, "", IF(O11="x","+", "-")) | AF11: =IF(VLOOKUP($C11,Intermediate!$C$2:$R$208,14,FALSE)=P11, "", IF(P11="x","+", "-")) | AG11: =IF(VLOOKUP($C11,Intermediate!$C$2:$R$208,15,FALSE)=Q11, "", IF(Q11="x","+", "-")) | AH11: =IF(VLOOKUP($C11,Intermediate!$C$2:$R$208,16,FALSE)=R11, "", IF(R11="x","+", "-"))
A12: Design for change | B12: OU | C12: =_xlfn.CONCAT(B12, " ", A12) -> OU Design for change | F12: X | G12: X | N12: X | T12: =IF(VLOOKUP($C12,Intermediate!$C$2:$R$208,2,FALSE)=D12, "", IF(D12="x","+", "-")) | U12: =IF(VLOOKUP($C12,Intermediate!$C$2:$R$208,3,FALSE)=E12, "", IF(E12="x","+", "-")) | V12: =IF(VLOOKUP($C12,Intermediate!$C$2:$R$208,4,FALSE)=F12, "", IF(F12="x","+", "-")) | W12: =IF(VLOOKUP($C12,Intermediate!$C$2:$R$208,5,FALSE)=G12, "", IF(G12="x","+", "-")) | X12: =IF(VLOOKUP($C12,Intermediate!$C$2:$R$208,6,FALSE)=H12, "", IF(H12="x","+", "-")) | Y12: =IF(VLOOKUP($C12,Intermediate!$C$2:$R$208,7,FALSE)=I12, "", IF(I12="x","+", "-")) | Z12: =IF(VLOOKUP($C12,Intermediate!$C$2:$R$208,8,FALSE)=J12, "", IF(J12="x","+", "-")) | AA12: =IF(VLOOKUP($C12,Intermediate!$C$2:$R$208,9,FALSE)=K12, "", IF(K12="x","+", "-")) | AB12: =IF(VLOOKUP($C12,Intermediate!$C$2:$R$208,10,FALSE)=L12, "", IF(L12="x","+", "-")) | AC12: =IF(VLOOKUP($C12,Intermediate!$C$2:$R$208,11,FALSE)=M12, "", IF(M12="x","+", "-")) | AD12: =IF(VLOOKUP($C12,Intermediate!$C$2:$R$208,12,FALSE)=N12, "", IF(N12="x","+", "-")) | AE12: =IF(VLOOKUP($C12,Intermediate!$C$2:$R$208,13,FALSE)=O12, "", IF(O12="x","+", "-")) | AF12: =IF(VLOOKUP($C12,Intermediate!$C$2:$R$208,14,FALSE)=P12, "", IF(P12="x","+", "-")) | AG12: =IF(VLOOKUP($C12,Intermediate!$C$2:$R$208,15,FALSE)=Q12, "", IF(Q12="x","+", "-")) | AH12: =IF(VLOOKUP($C12,Intermediate!$C$2:$R$208,16,FALSE)=R12, "", IF(R12="x","+", "-"))
A13: Software Architecture | B13: OU | C13: =_xlfn.CONCAT(B13, " ", A13) -> OU Software Architecture | D13: X | E13: X | T13: =IF(VLOOKUP($C13,Intermediate!$C$2:$R$208,2,FALSE)=D13, "", IF(D13="x","+", "-")) | U13: =IF(VLOOKUP($C13,Intermediate!$C$2:$R$208,3,FALSE)=E13, "", IF(E13="x","+", "-")) | V13: =IF(VLOOKUP($C13,Intermediate!$C$2:$R$208,4,FALSE)=F13, "", IF(F13="x","+", "-")) | W13: =IF(VLOOKUP($C13,Intermediate!$C$2:$R$208,5,FALSE)=G13, "", IF(G13="x","+", "-")) | X13: =IF(VLOOKUP($C13,Intermediate!$C$2:$R$208,6,FALSE)=H13, "", IF(H13="x","+", "-")) | Y13: =IF(VLOOKUP($C13,Intermediate!$C$2:$R$208,7,FALSE)=I13, "", IF(I13="x","+", "-")) | Z13: =IF(VLOOKUP($C13,Intermediate!$C$2:$R$208,8,FALSE)=J13, "", IF(J13="x","+", "-")) | AA13: =IF(VLOOKUP($C13,Intermediate!$C$2:$R$208,9,FALSE)=K13, "", IF(K13="x","+", "-")) | AB13: =IF(VLOOKUP($C13,Intermediate!$C$2:$R$208,10,FALSE)=L13, "", IF(L13="x","+", "-")) | AC13: =IF(VLOOKUP($C13,Intermediate!$C$2:$R$208,11,FALSE)=M13, "", IF(M13="x","+", "-")) | AD13: =IF(VLOOKUP($C13,Intermediate!$C$2:$R$208,12,FALSE)=N13, "", IF(N13="x","+", "-")) | AE13: =IF(VLOOKUP($C13,Intermediate!$C$2:$R$208,13,FALSE)=O13, "", IF(O13="x","+", "-")) | AF13: =IF(VLOOKUP($C13,Intermediate!$C$2:$R$208,14,FALSE)=P13, "", IF(P13="x","+", "-")) | AG13: =IF(VLOOKUP($C13,Intermediate!$C$2:$R$208,15,FALSE)=Q13, "", IF(Q13="x","+", "-")) | AH13: =IF(VLOOKUP($C13,Intermediate!$C$2:$R$208,16,FALSE)=R13, "", IF(R13="x","+", "-"))
A14: Software quality management | B14: OU | C14: =_xlfn.CONCAT(B14, " ", A14) -> OU Software quality management | G14: X | J14: X | M14: X | T14: =IF(VLOOKUP($C14,Intermediate!$C$2:$R$208,2,FALSE)=D14, "", IF(D14="x","+", "-")) | U14: =IF(VLOOKUP($C14,Intermediate!$C$2:$R$208,3,FALSE)=E14, "", IF(E14="x","+", "-")) | V14: =IF(VLOOKUP($C14,Intermediate!$C$2:$R$208,4,FALSE)=F14, "", IF(F14="x","+", "-")) | W14: =IF(VLOOKUP($C14,Intermediate!$C$2:$R$208,5,FALSE)=G14, "", IF(G14="x","+", "-")) | X14: =IF(VLOOKUP($C14,Intermediate!$C$2:$R$208,6,FALSE)=H14, "", IF(H14="x","+", "-")) | Y14: =IF(VLOOKUP($C14,Intermediate!$C$2:$R$208,7,FALSE)=I14, "", IF(I14="x","+", "-")) | Z14: =IF(VLOOKUP($C14,Intermediate!$C$2:$R$208,8,FALSE)=J14, "", IF(J14="x","+", "-")) | AA14: =IF(VLOOKUP($C14,Intermediate!$C$2:$R$208,9,FALSE)=K14, "", IF(K14="x","+", "-")) | AB14: =IF(VLOOKUP($C14,Intermediate!$C$2:$R$208,10,FALSE)=L14, "", IF(L14="x","+", "-")) | AC14: =IF(VLOOKUP($C14,Intermediate!$C$2:$R$208,11,FALSE)=M14, "", IF(M14="x","+", "-")) | AD14: =IF(VLOOKUP($C14,Intermediate!$C$2:$R$208,12,FALSE)=N14, "", IF(N14="x","+", "-")) | AE14: =IF(VLOOKUP($C14,Intermediate!$C$2:$R$208,13,FALSE)=O14, "", IF(O14="x","+", "-")) | AF14: =IF(VLOOKUP($C14,Intermediate!$C$2:$R$208,14,FALSE)=P14, "", IF(P14="x","+", "-")) | AG14: =IF(VLOOKUP($C14,Intermediate!$C$2:$R$208,15,FALSE)=Q14, "", IF(Q14="x","+", "-")) | AH14: =IF(VLOOKUP($C14,Intermediate!$C$2:$R$208,16,FALSE)=R14, "", IF(R14="x","+", "-"))
A15: Software security | B15: OU | C15: =_xlfn.CONCAT(B15, " ", A15) -> OU Software security | O15: X | T15: =IF(VLOOKUP($C15,Intermediate!$C$2:$R$208,2,FALSE)=D15, "", IF(D15="x","+", "-")) | U15: =IF(VLOOKUP($C15,Intermediate!$C$2:$R$208,3,FALSE)=E15, "", IF(E15="x","+", "-")) | V15: =IF(VLOOKUP($C15,Intermediate!$C$2:$R$208,4,FALSE)=F15, "", IF(F15="x","+", "-")) | W15: =IF(VLOOKUP($C15,Intermediate!$C$2:$R$208,5,FALSE)=G15, "", IF(G15="x","+", "-")) | X15: =IF(VLOOKUP($C15,Intermediate!$C$2:$R$208,6,FALSE)=H15, "", IF(H15="x","+", "-")) | Y15: =IF(VLOOKUP($C15,Intermediate!$C$2:$R$208,7,FALSE)=I15, "", IF(I15="x","+", "-")) | Z15: =IF(VLOOKUP($C15,Intermediate!$C$2:$R$208,8,FALSE)=J15, "", IF(J15="x","+", "-")) | AA15: =IF(VLOOKUP($C15,Intermediate!$C$2:$R$208,9,FALSE)=K15, "", IF(K15="x","+", "-")) | AB15: =IF(VLOOKUP($C15,Intermediate!$C$2:$R$208,10,FALSE)=L15, "", IF(L15="x","+", "-")) | AC15: =IF(VLOOKUP($C15,Intermediate!$C$2:$R$208,11,FALSE)=M15, "", IF(M15="x","+", "-")) | AD15: =IF(VLOOKUP($C15,Intermediate!$C$2:$R$208,12,FALSE)=N15, "", IF(N15="x","+", "-")) | AE15: =IF(VLOOKUP($C15,Intermediate!$C$2:$R$208,13,FALSE)=O15, "", IF(O15="x","+", "-")) | AF15: =IF(VLOOKUP($C15,Intermediate!$C$2:$R$208,14,FALSE)=P15, "", IF(P15="x","+", "-")) | AG15: =IF(VLOOKUP($C15,Intermediate!$C$2:$R$208,15,FALSE)=Q15, "", IF(Q15="x","+", "-")) | AH15: =IF(VLOOKUP($C15,Intermediate!$C$2:$R$208,16,FALSE)=R15, "", IF(R15="x","+", "-"))
A16: System verification and testing | B16: OU | C16: =_xlfn.CONCAT(B16, " ", A16) -> OU System verification and testing | H16: X | Q16: X | T16: =IF(VLOOKUP($C16,Intermediate!$C$2:$R$208,2,FALSE)=D16, "", IF(D16="x","+", "-")) | U16: =IF(VLOOKUP($C16,Intermediate!$C$2:$R$208,3,FALSE)=E16, "", IF(E16="x","+", "-")) | V16: =IF(VLOOKUP($C16,Intermediate!$C$2:$R$208,4,FALSE)=F16, "", IF(F16="x","+", "-")) | W16: =IF(VLOOKUP($C16,Intermediate!$C$2:$R$208,5,FALSE)=G16, "", IF(G16="x","+", "-")) | X16: =IF(VLOOKUP($C16,Intermediate!$C$2:$R$208,6,FALSE)=H16, "", IF(H16="x","+", "-")) | Y16: =IF(VLOOKUP($C16,Intermediate!$C$2:$R$208,7,FALSE)=I16, "", IF(I16="x","+", "-")) | Z16: =IF(VLOOKUP($C16,Intermediate!$C$2:$R$208,8,FALSE)=J16, "", IF(J16="x","+", "-")) | AA16: =IF(VLOOKUP($C16,Intermediate!$C$2:$R$208,9,FALSE)=K16, "", IF(K16="x","+", "-")) | AB16: =IF(VLOOKUP($C16,Intermediate!$C$2:$R$208,10,FALSE)=L16, "", IF(L16="x","+", "-")) | AC16: =IF(VLOOKUP($C16,Intermediate!$C$2:$R$208,11,FALSE)=M16, "", IF(M16="x","+", "-")) | AD16: =IF(VLOOKUP($C16,Intermediate!$C$2:$R$208,12,FALSE)=N16, "", IF(N16="x","+", "-")) | AE16: =IF(VLOOKUP($C16,Intermediate!$C$2:$R$208,13,FALSE)=O16, "", IF(O16="x","+", "-")) | AF16: =IF(VLOOKUP($C16,Intermediate!$C$2:$R$208,14,FALSE)=P16, "", IF(P16="x","+", "-")) | AG16: =IF(VLOOKUP($C16,Intermediate!$C$2:$R$208,15,FALSE)=Q16, "", IF(Q16="x","+", "-")) | AH16: =IF(VLOOKUP($C16,Intermediate!$C$2:$R$208,16,FALSE)=R16, "", IF(R16="x","+", "-"))
A17: Functional Programming | B17: RU | C17: =_xlfn.CONCAT(B17, " ", A17) -> RU Functional Programming | G17: X | N17: X | T17: =IF(VLOOKUP($C17,Intermediate!$C$2:$R$208,2,FALSE)=D17, "", IF(D17="x","+", "-")) | U17: =IF(VLOOKUP($C17,Intermediate!$C$2:$R$208,3,FALSE)=E17, "", IF(E17="x","+", "-")) | V17: =IF(VLOOKUP($C17,Intermediate!$C$2:$R$208,4,FALSE)=F17, "", IF(F17="x","+", "-")) | W17: =IF(VLOOKUP($C17,Intermediate!$C$2:$R$208,5,FALSE)=G17, "", IF(G17="x","+", "-")) | X17: =IF(VLOOKUP($C17,Intermediate!$C$2:$R$208,6,FALSE)=H17, "", IF(H17="x","+", "-")) | Y17: =IF(VLOOKUP($C17,Intermediate!$C$2:$R$208,7,FALSE)=I17, "", IF(I17="x","+", "-")) | Z17: =IF(VLOOKUP($C17,Intermediate!$C$2:$R$208,8,FALSE)=J17, "", IF(J17="x","+", "-")) | AA17: =IF(VLOOKUP($C17,Intermediate!$C$2:$R$208,9,FALSE)=K17, "", IF(K17="x","+", "-")) | AB17: =IF(VLOOKUP($C17,Intermediate!$C$2:$R$208,10,FALSE)=L17, "", IF(L17="x","+", "-")) | AC17: =IF(VLOOKUP($C17,Intermediate!$C$2:$R$208,11,FALSE)=M17, "", IF(M17="x","+", "-")) | AD17: =IF(VLOOKUP($C17,Intermediate!$C$2:$R$208,12,FALSE)=N17, "", IF(N17="x","+", "-")) | AE17: =IF(VLOOKUP($C17,Intermediate!$C$2:$R$208,13,FALSE)=O17, "", IF(O17="x","+", "-")) | AF17: =IF(VLOOKUP($C17,Intermediate!$C$2:$R$208,14,FALSE)=P17, "", IF(P17="x","+", "-")) | AG17: =IF(VLOOKUP($C17,Intermediate!$C$2:$R$208,15,FALSE)=Q17, "", IF(Q17="x","+", "-")) | AH17: =IF(VLOOKUP($C17,Intermediate!$C$2:$R$208,16,FALSE)=R17, "", IF(R17="x","+", "-"))
A18: Imperative Programming | B18: RU | C18: =_xlfn.CONCAT(B18, " ", A18) -> RU Imperative Programming | G18: X | T18: =IF(VLOOKUP($C18,Intermediate!$C$2:$R$208,2,FALSE)=D18, "", IF(D18="x","+", "-")) | U18: =IF(VLOOKUP($C18,Intermediate!$C$2:$R$208,3,FALSE)=E18, "", IF(E18="x","+", "-")) | V18: =IF(VLOOKUP($C18,Intermediate!$C$2:$R$208,4,FALSE)=F18, "", IF(F18="x","+", "-")) | W18: =IF(VLOOKUP($C18,Intermediate!$C$2:$R$208,5,FALSE)=G18, "", IF(G18="x","+", "-")) | X18: =IF(VLOOKUP($C18,Intermediate!$C$2:$R$208,6,FALSE)=H18, "", IF(H18="x","+", "-")) | Y18: =IF(VLOOKUP($C18,Intermediate!$C$2:$R$208,7,FALSE)=I18, "", IF(I18="x","+", "-")) | Z18: =IF(VLOOKUP($C18,Intermediate!$C$2:$R$208,8,FALSE)=J18, "", IF(J18="x","+", "-")) | AA18: =IF(VLOOKUP($C18,Intermediate!$C$2:$R$208,9,FALSE)=K18, "", IF(K18="x","+", "-")) | AB18: =IF(VLOOKUP($C18,Intermediate!$C$2:$R$208,10,FALSE)=L18, "", IF(L18="x","+", "-")) | AC18: =IF(VLOOKUP($C18,Intermediate!$C$2:$R$208,11,FALSE)=M18, "", IF(M18="x","+", "-")) | AD18: =IF(VLOOKUP($C18,Intermediate!$C$2:$R$208,12,FALSE)=N18, "", IF(N18="x","+", "-")) | AE18: =IF(VLOOKUP($C18,Intermediate!$C$2:$R$208,13,FALSE)=O18, "", IF(O18="x","+", "-")) | AF18: =IF(VLOOKUP($C18,Intermediate!$C$2:$R$208,14,FALSE)=P18, "", IF(P18="x","+", "-")) | AG18: =IF(VLOOKUP($C18,Intermediate!$C$2:$R$208,15,FALSE)=Q18, "", IF(Q18="x","+", "-")) | AH18: =IF(VLOOKUP($C18,Intermediate!$C$2:$R$208,16,FALSE)=R18, "", IF(R18="x","+", "-"))
A19: Object Oriented Programming | B19: RU | C19: =_xlfn.CONCAT(B19, " ", A19) -> RU Object Oriented Programming | F19: X | G19: X | T19: =IF(VLOOKUP($C19,Intermediate!$C$2:$R$208,2,FALSE)=D19, "", IF(D19="x","+", "-")) | U19: =IF(VLOOKUP($C19,Intermediate!$C$2:$R$208,3,FALSE)=E19, "", IF(E19="x","+", "-")) | V19: =IF(VLOOKUP($C19,Intermediate!$C$2:$R$208,4,FALSE)=F19, "", IF(F19="x","+", "-")) | W19: =IF(VLOOKUP($C19,Intermediate!$C$2:$R$208,5,FALSE)=G19, "", IF(G19="x","+", "-")) | X19: =IF(VLOOKUP($C19,Intermediate!$C$2:$R$208,6,FALSE)=H19, "", IF(H19="x","+", "-")) | Y19: =IF(VLOOKUP($C19,Intermediate!$C$2:$R$208,7,FALSE)=I19, "", IF(I19="x","+", "-")) | Z19: =IF(VLOOKUP($C19,Intermediate!$C$2:$R$208,8,FALSE)=J19, "", IF(J19="x","+", "-")) | AA19: =IF(VLOOKUP($C19,Intermediate!$C$2:$R$208,9,FALSE)=K19, "", IF(K19="x","+", "-")) | AB19: =IF(VLOOKUP($C19,Intermediate!$C$2:$R$208,10,FALSE)=L19, "", IF(L19="x","+", "-")) | AC19: =IF(VLOOKUP($C19,Intermediate!$C$2:$R$208,11,FALSE)=M19, "", IF(M19="x","+", "-")) | AD19: =IF(VLOOKUP($C19,Intermediate!$C$2:$R$208,12,FALSE)=N19, "", IF(N19="x","+", "-")) | AE19: =IF(VLOOKUP($C19,Intermediate!$C$2:$R$208,13,FALSE)=O19, "", IF(O19="x","+", "-")) | AF19: =IF(VLOOKUP($C19,Intermediate!$C$2:$R$208,14,FALSE)=P19, "", IF(P19="x","+", "-")) | AG19: =IF(VLOOKUP($C19,Intermediate!$C$2:$R$208,15,FALSE)=Q19, "", IF(Q19="x","+", "-")) | AH19: =IF(VLOOKUP($C19,Intermediate!$C$2:$R$208,16,FALSE)=R19, "", IF(R19="x","+", "-"))
A20: Requirements Engineering and design | B20: RU | C20: =_xlfn.CONCAT(B20, " ", A20) -> RU Requirements Engineering and design | D20: X | L20: X | T20: =IF(VLOOKUP($C20,Intermediate!$C$2:$R$208,2,FALSE)=D20, "", IF(D20="x","+", "-")) | U20: =IF(VLOOKUP($C20,Intermediate!$C$2:$R$208,3,FALSE)=E20, "", IF(E20="x","+", "-")) | V20: =IF(VLOOKUP($C20,Intermediate!$C$2:$R$208,4,FALSE)=F20, "", IF(F20="x","+", "-")) | W20: =IF(VLOOKUP($C20,Intermediate!$C$2:$R$208,5,FALSE)=G20, "", IF(G20="x","+", "-")) | X20: =IF(VLOOKUP($C20,Intermediate!$C$2:$R$208,6,FALSE)=H20, "", IF(H20="x","+", "-")) | Y20: =IF(VLOOKUP($C20,Intermediate!$C$2:$R$208,7,FALSE)=I20, "", IF(I20="x","+", "-")) | Z20: =IF(VLOOKUP($C20,Intermediate!$C$2:$R$208,8,FALSE)=J20, "", IF(J20="x","+", "-")) | AA20: =IF(VLOOKUP($C20,Intermediate!$C$2:$R$208,9,FALSE)=K20, "", IF(K20="x","+", "-")) | AB20: =IF(VLOOKUP($C20,Intermediate!$C$2:$R$208,10,FALSE)=L20, "", IF(L20="x","+", "-")) | AC20: =IF(VLOOKUP($C20,Intermediate!$C$2:$R$208,11,FALSE)=M20, "", IF(M20="x","+", "-")) | AD20: =IF(VLOOKUP($C20,Intermediate!$C$2:$R$208,12,FALSE)=N20, "", IF(N20="x","+", "-")) | AE20: =IF(VLOOKUP($C20,Intermediate!$C$2:$R$208,13,FALSE)=O20, "", IF(O20="x","+", "-")) | AF20: =IF(VLOOKUP($C20,Intermediate!$C$2:$R$208,14,FALSE)=P20, "", IF(P20="x","+", "-")) | AG20: =IF(VLOOKUP($C20,Intermediate!$C$2:$R$208,15,FALSE)=Q20, "", IF(Q20="x","+", "-")) | AH20: =IF(VLOOKUP($C20,Intermediate!$C$2:$R$208,16,FALSE)=R20, "", IF(R20="x","+", "-"))
A21: Research & Development project | B21: RU | C21: =_xlfn.CONCAT(B21, " ", A21) -> RU Research & Development project | T21: =IF(VLOOKUP($C21,Intermediate!$C$2:$R$208,2,FALSE)=D21, "", IF(D21="x","+", "-")) | U21: =IF(VLOOKUP($C21,Intermediate!$C$2:$R$208,3,FALSE)=E21, "", IF(E21="x","+", "-")) | V21: =IF(VLOOKUP($C21,Intermediate!$C$2:$R$208,4,FALSE)=F21, "", IF(F21="x","+", "-")) | W21: =IF(VLOOKUP($C21,Intermediate!$C$2:$R$208,5,FALSE)=G21, "", IF(G21="x","+", "-")) | X21: =IF(VLOOKUP($C21,Intermediate!$C$2:$R$208,6,FALSE)=H21, "", IF(H21="x","+", "-")) | Y21: =IF(VLOOKUP($C21,Intermediate!$C$2:$R$208,7,FALSE)=I21, "", IF(I21="x","+", "-")) | Z21: =IF(VLOOKUP($C21,Intermediate!$C$2:$R$208,8,FALSE)=J21, "", IF(J21="x","+", "-")) | AA21: =IF(VLOOKUP($C21,Intermediate!$C$2:$R$208,9,FALSE)=K21, "", IF(K21="x","+", "-")) | AB21: =IF(VLOOKUP($C21,Intermediate!$C$2:$R$208,10,FALSE)=L21, "", IF(L21="x","+", "-")) | AC21: =IF(VLOOKUP($C21,Intermediate!$C$2:$R$208,11,FALSE)=M21, "", IF(M21="x","+", "-")) | AD21: =IF(VLOOKUP($C21,Intermediate!$C$2:$R$208,12,FALSE)=N21, "", IF(N21="x","+", "-")) | AE21: =IF(VLOOKUP($C21,Intermediate!$C$2:$R$208,13,FALSE)=O21, "", IF(O21="x","+", "-")) | AF21: =IF(VLOOKUP($C21,Intermediate!$C$2:$R$208,14,FALSE)=P21, "", IF(P21="x","+", "-")) | AG21: =IF(VLOOKUP($C21,Intermediate!$C$2:$R$208,15,FALSE)=Q21, "", IF(Q21="x","+", "-")) | AH21: =IF(VLOOKUP($C21,Intermediate!$C$2:$R$208,16,FALSE)=R21, "", IF(R21="x","+", "-"))
A22: Semantics and Rewriting | B22: RU | C22: =_xlfn.CONCAT(B22, " ", A22) -> RU Semantics and Rewriting | R22: X | T22: =IF(VLOOKUP($C22,Intermediate!$C$2:$R$208,2,FALSE)=D22, "", IF(D22="x","+", "-")) | U22: =IF(VLOOKUP($C22,Intermediate!$C$2:$R$208,3,FALSE)=E22, "", IF(E22="x","+", "-")) | V22: =IF(VLOOKUP($C22,Intermediate!$C$2:$R$208,4,FALSE)=F22, "", IF(F22="x","+", "-")) | W22: =IF(VLOOKUP($C22,Intermediate!$C$2:$R$208,5,FALSE)=G22, "", IF(G22="x","+", "-")) | X22: =IF(VLOOKUP($C22,Intermediate!$C$2:$R$208,6,FALSE)=H22, "", IF(H22="x","+", "-")) | Y22: =IF(VLOOKUP($C22,Intermediate!$C$2:$R$208,7,FALSE)=I22, "", IF(I22="x","+", "-")) | Z22: =IF(VLOOKUP($C22,Intermediate!$C$2:$R$208,8,FALSE)=J22, "", IF(J22="x","+", "-")) | AA22: =IF(VLOOKUP($C22,Intermediate!$C$2:$R$208,9,FALSE)=K22, "", IF(K22="x","+", "-")) | AB22: =IF(VLOOKUP($C22,Intermediate!$C$2:$R$208,10,FALSE)=L22, "", IF(L22="x","+", "-")) | AC22: =IF(VLOOKUP($C22,Intermediate!$C$2:$R$208,11,FALSE)=M22, "", IF(M22="x","+", "-")) | AD22: =IF(VLOOKUP($C22,Intermediate!$C$2:$R$208,12,FALSE)=N22, "", IF(N22="x","+", "-")) | AE22: =IF(VLOOKUP($C22,Intermediate!$C$2:$R$208,13,FALSE)=O22, "", IF(O22="x","+", "-")) | AF22: =IF(VLOOKUP($C22,Intermediate!$C$2:$R$208,14,FALSE)=P22, "", IF(P22="x","+", "-")) | AG22: =IF(VLOOKUP($C22,Intermediate!$C$2:$R$208,15,FALSE)=Q22, "", IF(Q22="x","+", "-")) | AH22: =IF(VLOOKUP($C22,Intermediate!$C$2:$R$208,16,FALSE)=R22, "", IF(R22="x","+", "-"))
A23: Software Engineering | B23: RU | C23: =_xlfn.CONCAT(B23, " ", A23) -> RU Software Engineering | T23: =IF(VLOOKUP($C23,Intermediate!$C$2:$R$208,2,FALSE)=D23, "", IF(D23="x","+", "-")) | U23: =IF(VLOOKUP($C23,Intermediate!$C$2:$R$208,3,FALSE)=E23, "", IF(E23="x","+", "-")) | V23: =IF(VLOOKUP($C23,Intermediate!$C$2:$R$208,4,FALSE)=F23, "", IF(F23="x","+", "-")) | W23: =IF(VLOOKUP($C23,Intermediate!$C$2:$R$208,5,FALSE)=G23, "", IF(G23="x","+", "-")) | X23: =IF(VLOOKUP($C23,Intermediate!$C$2:$R$208,6,FALSE)=H23, "", IF(H23="x","+", "-")) | Y23: =IF(VLOOKUP($C23,Intermediate!$C$2:$R$208,7,FALSE)=I23, "", IF(I23="x","+", "-")) | Z23: =IF(VLOOKUP($C23,Intermediate!$C$2:$R$208,8,FALSE)=J23, "", IF(J23="x","+", "-")) | AA23: =IF(VLOOKUP($C23,Intermediate!$C$2:$R$208,9,FALSE)=K23, "", IF(K23="x","+", "-")) | AB23: =IF(VLOOKUP($C23,Intermediate!$C$2:$R$208,10,FALSE)=L23, "", IF(L23="x","+", "-")) | AC23: =IF(VLOOKUP($C23,Intermediate!$C$2:$R$208,11,FALSE)=M23, "", IF(M23="x","+", "-")) | AD23: =IF(VLOOKUP($C23,Intermediate!$C$2:$R$208,12,FALSE)=N23, "", IF(N23="x","+", "-")) | AE23: =IF(VLOOKUP($C23,Intermediate!$C$2:$R$208,13,FALSE)=O23, "", IF(O23="x","+", "-")) | AF23: =IF(VLOOKUP($C23,Intermediate!$C$2:$R$208,14,FALSE)=P23, "", IF(P23="x","+", "-")) | AG23: =IF(VLOOKUP($C23,Intermediate!$C$2:$R$208,15,FALSE)=Q23, "", IF(Q23="x","+", "-")) | AH23: =IF(VLOOKUP($C23,Intermediate!$C$2:$R$208,16,FALSE)=R23, "", IF(R23="x","+", "-"))
A24: Software Verification | B24: RU | C24: =_xlfn.CONCAT(B24, " ", A24) -> RU Software Verification | H24: X | N24: X | Q24: X | T24: =IF(VLOOKUP($C24,Intermediate!$C$2:$R$208,2,FALSE)=D24, "", IF(D24="x","+", "-")) | U24: =IF(VLOOKUP($C24,Intermediate!$C$2:$R$208,3,FALSE)=E24, "", IF(E24="x","+", "-")) | V24: =IF(VLOOKUP($C24,Intermediate!$C$2:$R$208,4,FALSE)=F24, "", IF(F24="x","+", "-")) | W24: =IF(VLOOKUP($C24,Intermediate!$C$2:$R$208,5,FALSE)=G24, "", IF(G24="x","+", "-")) | X24: =IF(VLOOKUP($C24,Intermediate!$C$2:$R$208,6,FALSE)=H24, "", IF(H24="x","+", "-")) | Y24: =IF(VLOOKUP($C24,Intermediate!$C$2:$R$208,7,FALSE)=I24, "", IF(I24="x","+", "-")) | Z24: =IF(VLOOKUP($C24,Intermediate!$C$2:$R$208,8,FALSE)=J24, "", IF(J24="x","+", "-")) | AA24: =IF(VLOOKUP($C24,Intermediate!$C$2:$R$208,9,FALSE)=K24, "", IF(K24="x","+", "-")) | AB24: =IF(VLOOKUP($C24,Intermediate!$C$2:$R$208,10,FALSE)=L24, "", IF(L24="x","+", "-")) | AC24: =IF(VLOOKUP($C24,Intermediate!$C$2:$R$208,11,FALSE)=M24, "", IF(M24="x","+", "-")) | AD24: =IF(VLOOKUP($C24,Intermediate!$C$2:$R$208,12,FALSE)=N24, "", IF(N24="x","+", "-")) | AE24: =IF(VLOOKUP($C24,Intermediate!$C$2:$R$208,13,FALSE)=O24, "", IF(O24="x","+", "-")) | AF24: =IF(VLOOKUP($C24,Intermediate!$C$2:$R$208,14,FALSE)=P24, "", IF(P24="x","+", "-")) | AG24: =IF(VLOOKUP($C24,Intermediate!$C$2:$R$208,15,FALSE)=Q24, "", IF(Q24="x","+", "-")) | AH24: =IF(VLOOKUP($C24,Intermediate!$C$2:$R$208,16,FALSE)=R24, "", IF(R24="x","+", "-"))
A25: Advanced Programming | B25: RU | C25: =_xlfn.CONCAT(B25, " ", A25) -> RU Advanced Programming | G25: X | R25: X | T25: =IF(VLOOKUP($C25,Intermediate!$C$2:$R$208,2,FALSE)=D25, "", IF(D25="x","+", "-")) | U25: =IF(VLOOKUP($C25,Intermediate!$C$2:$R$208,3,FALSE)=E25, "", IF(E25="x","+", "-")) | V25: =IF(VLOOKUP($C25,Intermediate!$C$2:$R$208,4,FALSE)=F25, "", IF(F25="x","+", "-")) | W25: =IF(VLOOKUP($C25,Intermediate!$C$2:$R$208,5,FALSE)=G25, "", IF(G25="x","+", "-")) | X25: =IF(VLOOKUP($C25,Intermediate!$C$2:$R$208,6,FALSE)=H25, "", IF(H25="x","+", "-")) | Y25: =IF(VLOOKUP($C25,Intermediate!$C$2:$R$208,7,FALSE)=I25, "", IF(I25="x","+", "-")) | Z25: =IF(VLOOKUP($C25,Intermediate!$C$2:$R$208,8,FALSE)=J25, "", IF(J25="x","+", "-")) | AA25: =IF(VLOOKUP($C25,Intermediate!$C$2:$R$208,9,FALSE)=K25, "", IF(K25="x","+", "-")) | AB25: =IF(VLOOKUP($C25,Intermediate!$C$2:$R$208,10,FALSE)=L25, "", IF(L25="x","+", "-")) | AC25: =IF(VLOOKUP($C25,Intermediate!$C$2:$R$208,11,FALSE)=M25, "", IF(M25="x","+", "-")) | AD25: =IF(VLOOKUP($C25,Intermediate!$C$2:$R$208,12,FALSE)=N25, "", IF(N25="x","+", "-")) | AE25: =IF(VLOOKUP($C25,Intermediate!$C$2:$R$208,13,FALSE)=O25, "", IF(O25="x","+", "-")) | AF25: =IF(VLOOKUP($C25,Intermediate!$C$2:$R$208,14,FALSE)=P25, "", IF(P25="x","+", "-")) | AG25: =IF(VLOOKUP($C25,Intermediate!$C$2:$R$208,15,FALSE)=Q25, "", IF(Q25="x","+", "-")) | AH25: =IF(VLOOKUP($C25,Intermediate!$C$2:$R$208,16,FALSE)=R25, "", IF(R25="x","+", "-"))
A26: Compiler construction | B26: RU | C26: =_xlfn.CONCAT(B26, " ", A26) -> RU Compiler construction | R26: X | T26: =IF(VLOOKUP($C26,Intermediate!$C$2:$R$208,2,FALSE)=D26, "", IF(D26="x","+", "-")) | U26: =IF(VLOOKUP($C26,Intermediate!$C$2:$R$208,3,FALSE)=E26, "", IF(E26="x","+", "-")) | V26: =IF(VLOOKUP($C26,Intermediate!$C$2:$R$208,4,FALSE)=F26, "", IF(F26="x","+", "-")) | W26: =IF(VLOOKUP($C26,Intermediate!$C$2:$R$208,5,FALSE)=G26, "", IF(G26="x","+", "-")) | X26: =IF(VLOOKUP($C26,Intermediate!$C$2:$R$208,6,FALSE)=H26, "", IF(H26="x","+", "-")) | Y26: =IF(VLOOKUP($C26,Intermediate!$C$2:$R$208,7,FALSE)=I26, "", IF(I26="x","+", "-")) | Z26: =IF(VLOOKUP($C26,Intermediate!$C$2:$R$208,8,FALSE)=J26, "", IF(J26="x","+", "-")) | AA26: =IF(VLOOKUP($C26,Intermediate!$C$2:$R$208,9,FALSE)=K26, "", IF(K26="x","+", "-")) | AB26: =IF(VLOOKUP($C26,Intermediate!$C$2:$R$208,10,FALSE)=L26, "", IF(L26="x","+", "-")) | AC26: =IF(VLOOKUP($C26,Intermediate!$C$2:$R$208,11,FALSE)=M26, "", IF(M26="x","+", "-")) | AD26: =IF(VLOOKUP($C26,Intermediate!$C$2:$R$208,12,FALSE)=N26, "", IF(N26="x","+", "-")) | AE26: =IF(VLOOKUP($C26,Intermediate!$C$2:$R$208,13,FALSE)=O26, "", IF(O26="x","+", "-")) | AF26: =IF(VLOOKUP($C26,Intermediate!$C$2:$R$208,14,FALSE)=P26, "", IF(P26="x","+", "-")) | AG26: =IF(VLOOKUP($C26,Intermediate!$C$2:$R$208,15,FALSE)=Q26, "", IF(Q26="x","+", "-")) | AH26: =IF(VLOOKUP($C26,Intermediate!$C$2:$R$208,16,FALSE)=R26, "", IF(R26="x","+", "-"))
A27: Model checking | B27: RU | C27: =_xlfn.CONCAT(B27, " ", A27) -> RU Model checking | Q27: X | T27: =IF(VLOOKUP($C27,Intermediate!$C$2:$R$208,2,FALSE)=D27, "", IF(D27="x","+", "-")) | U27: =IF(VLOOKUP($C27,Intermediate!$C$2:$R$208,3,FALSE)=E27, "", IF(E27="x","+", "-")) | V27: =IF(VLOOKUP($C27,Intermediate!$C$2:$R$208,4,FALSE)=F27, "", IF(F27="x","+", "-")) | W27: =IF(VLOOKUP($C27,Intermediate!$C$2:$R$208,5,FALSE)=G27, "", IF(G27="x","+", "-")) | X27: =IF(VLOOKUP($C27,Intermediate!$C$2:$R$208,6,FALSE)=H27, "", IF(H27="x","+", "-")) | Y27: =IF(VLOOKUP($C27,Intermediate!$C$2:$R$208,7,FALSE)=I27, "", IF(I27="x","+", "-")) | Z27: =IF(VLOOKUP($C27,Intermediate!$C$2:$R$208,8,FALSE)=J27, "", IF(J27="x","+", "-")) | AA27: =IF(VLOOKUP($C27,Intermediate!$C$2:$R$208,9,FALSE)=K27, "", IF(K27="x","+", "-")) | AB27: =IF(VLOOKUP($C27,Intermediate!$C$2:$R$208,10,FALSE)=L27, "", IF(L27="x","+", "-")) | AC27: =IF(VLOOKUP($C27,Intermediate!$C$2:$R$208,11,FALSE)=M27, "", IF(M27="x","+", "-")) | AD27: =IF(VLOOKUP($C27,Intermediate!$C$2:$R$208,12,FALSE)=N27, "", IF(N27="x","+", "-")) | AE27: =IF(VLOOKUP($C27,Intermediate!$C$2:$R$208,13,FALSE)=O27, "", IF(O27="x","+", "-")) | AF27: =IF(VLOOKUP($C27,Intermediate!$C$2:$R$208,14,FALSE)=P27, "", IF(P27="x","+", "-")) | AG27: =IF(VLOOKUP($C27,Intermediate!$C$2:$R$208,15,FALSE)=Q27, "", IF(Q27="x","+", "-")) | AH27: =IF(VLOOKUP($C27,Intermediate!$C$2:$R$208,16,FALSE)=R27, "", IF(R27="x","+", "-"))
A28: Program verification with types and logic | B28: RU | C28: =_xlfn.CONCAT(B28, " ", A28) -> RU Program verification with types and logic | Q28: X | R28: X | T28: =IF(VLOOKUP($C28,Intermediate!$C$2:$R$208,2,FALSE)=D28, "", IF(D28="x","+", "-")) | U28: =IF(VLOOKUP($C28,Intermediate!$C$2:$R$208,3,FALSE)=E28, "", IF(E28="x","+", "-")) | V28: =IF(VLOOKUP($C28,Intermediate!$C$2:$R$208,4,FALSE)=F28, "", IF(F28="x","+", "-")) | W28: =IF(VLOOKUP($C28,Intermediate!$C$2:$R$208,5,FALSE)=G28, "", IF(G28="x","+", "-")) | X28: =IF(VLOOKUP($C28,Intermediate!$C$2:$R$208,6,FALSE)=H28, "", IF(H28="x","+", "-")) | Y28: =IF(VLOOKUP($C28,Intermediate!$C$2:$R$208,7,FALSE)=I28, "", IF(I28="x","+", "-")) | Z28: =IF(VLOOKUP($C28,Intermediate!$C$2:$R$208,8,FALSE)=J28, "", IF(J28="x","+", "-")) | AA28: =IF(VLOOKUP($C28,Intermediate!$C$2:$R$208,9,FALSE)=K28, "", IF(K28="x","+", "-")) | AB28: =IF(VLOOKUP($C28,Intermediate!$C$2:$R$208,10,FALSE)=L28, "", IF(L28="x","+", "-")) | AC28: =IF(VLOOKUP($C28,Intermediate!$C$2:$R$208,11,FALSE)=M28, "", IF(M28="x","+", "-")) | AD28: =IF(VLOOKUP($C28,Intermediate!$C$2:$R$208,12,FALSE)=N28, "", IF(N28="x","+", "-")) | AE28: =IF(VLOOKUP($C28,Intermediate!$C$2:$R$208,13,FALSE)=O28, "", IF(O28="x","+", "-")) | AF28: =IF(VLOOKUP($C28,Intermediate!$C$2:$R$208,14,FALSE)=P28, "", IF(P28="x","+", "-")) | AG28: =IF(VLOOKUP($C28,Intermediate!$C$2:$R$208,15,FALSE)=Q28, "", IF(Q28="x","+", "-")) | AH28: =IF(VLOOKUP($C28,Intermediate!$C$2:$R$208,16,FALSE)=R28, "", IF(R28="x","+", "-"))
A29: Research Seminar Software Science | B29: RU | C29: =_xlfn.CONCAT(B29, " ", A29) -> RU Research Seminar Software Science | T29: =IF(VLOOKUP($C29,Intermediate!$C$2:$R$208,2,FALSE)=D29, "", IF(D29="x","+", "-")) | U29: =IF(VLOOKUP($C29,Intermediate!$C$2:$R$208,3,FALSE)=E29, "", IF(E29="x","+", "-")) | V29: =IF(VLOOKUP($C29,Intermediate!$C$2:$R$208,4,FALSE)=F29, "", IF(F29="x","+", "-")) | W29: =IF(VLOOKUP($C29,Intermediate!$C$2:$R$208,5,FALSE)=G29, "", IF(G29="x","+", "-")) | X29: =IF(VLOOKUP($C29,Intermediate!$C$2:$R$208,6,FALSE)=H29, "", IF(H29="x","+", "-")) | Y29: =IF(VLOOKUP($C29,Intermediate!$C$2:$R$208,7,FALSE)=I29, "", IF(I29="x","+", "-")) | Z29: =IF(VLOOKUP($C29,Intermediate!$C$2:$R$208,8,FALSE)=J29, "", IF(J29="x","+", "-")) | AA29: =IF(VLOOKUP($C29,Intermediate!$C$2:$R$208,9,FALSE)=K29, "", IF(K29="x","+", "-")) | AB29: =IF(VLOOKUP($C29,Intermediate!$C$2:$R$208,10,FALSE)=L29, "", IF(L29="x","+", "-")) | AC29: =IF(VLOOKUP($C29,Intermediate!$C$2:$R$208,11,FALSE)=M29, "", IF(M29="x","+", "-")) | AD29: =IF(VLOOKUP($C29,Intermediate!$C$2:$R$208,12,FALSE)=N29, "", IF(N29="x","+", "-")) | AE29: =IF(VLOOKUP($C29,Intermediate!$C$2:$R$208,13,FALSE)=O29, "", IF(O29="x","+", "-")) | AF29: =IF(VLOOKUP($C29,Intermediate!$C$2:$R$208,14,FALSE)=P29, "", IF(P29="x","+", "-")) | AG29: =IF(VLOOKUP($C29,Intermediate!$C$2:$R$208,15,FALSE)=Q29, "", IF(Q29="x","+", "-")) | AH29: =IF(VLOOKUP($C29,Intermediate!$C$2:$R$208,16,FALSE)=R29, "", IF(R29="x","+", "-"))
A30: Software Development Entrepreneurship | B30: RU | C30: =_xlfn.CONCAT(B30, " ", A30) -> RU Software Development Entrepreneurship | L30: X | M30: X | P30: X | T30: =IF(VLOOKUP($C30,Intermediate!$C$2:$R$208,2,FALSE)=D30, "", IF(D30="x","+", "-")) | U30: =IF(VLOOKUP($C30,Intermediate!$C$2:$R$208,3,FALSE)=E30, "", IF(E30="x","+", "-")) | V30: =IF(VLOOKUP($C30,Intermediate!$C$2:$R$208,4,FALSE)=F30, "", IF(F30="x","+", "-")) | W30: =IF(VLOOKUP($C30,Intermediate!$C$2:$R$208,5,FALSE)=G30, "", IF(G30="x","+", "-")) | X30: =IF(VLOOKUP($C30,Intermediate!$C$2:$R$208,6,FALSE)=H30, "", IF(H30="x","+", "-")) | Y30: =IF(VLOOKUP($C30,Intermediate!$C$2:$R$208,7,FALSE)=I30, "", IF(I30="x","+", "-")) | Z30: =IF(VLOOKUP($C30,Intermediate!$C$2:$R$208,8,FALSE)=J30, "", IF(J30="x","+", "-")) | AA30: =IF(VLOOKUP($C30,Intermediate!$C$2:$R$208,9,FALSE)=K30, "", IF(K30="x","+", "-")) | AB30: =IF(VLOOKUP($C30,Intermediate!$C$2:$R$208,10,FALSE)=L30, "", IF(L30="x","+", "-")) | AC30: =IF(VLOOKUP($C30,Intermediate!$C$2:$R$208,11,FALSE)=M30, "", IF(M30="x","+", "-")) | AD30: =IF(VLOOKUP($C30,Intermediate!$C$2:$R$208,12,FALSE)=N30, "", IF(N30="x","+", "-")) | AE30: =IF(VLOOKUP($C30,Intermediate!$C$2:$R$208,13,FALSE)=O30, "", IF(O30="x","+", "-")) | AF30: =IF(VLOOKUP($C30,Intermediate!$C$2:$R$208,14,FALSE)=P30, "", IF(P30="x","+", "-")) | AG30: =IF(VLOOKUP($C30,Intermediate!$C$2:$R$208,15,FALSE)=Q30, "", IF(Q30="x","+", "-")) | AH30: =IF(VLOOKUP($C30,Intermediate!$C$2:$R$208,16,FALSE)=R30, "", IF(R30="x","+", "-"))
A31: Software Product Lines | B31: RU | C31: =_xlfn.CONCAT(B31, " ", A31) -> RU Software Product Lines | E31: X | I31: X | L31: X | T31: =IF(VLOOKUP($C31,Intermediate!$C$2:$R$208,2,FALSE)=D31, "", IF(D31="x","+", "-")) | U31: =IF(VLOOKUP($C31,Intermediate!$C$2:$R$208,3,FALSE)=E31, "", IF(E31="x","+", "-")) | V31: =IF(VLOOKUP($C31,Intermediate!$C$2:$R$208,4,FALSE)=F31, "", IF(F31="x","+", "-")) | W31: =IF(VLOOKUP($C31,Intermediate!$C$2:$R$208,5,FALSE)=G31, "", IF(G31="x","+", "-")) | X31: =IF(VLOOKUP($C31,Intermediate!$C$2:$R$208,6,FALSE)=H31, "", IF(H31="x","+", "-")) | Y31: =IF(VLOOKUP($C31,Intermediate!$C$2:$R$208,7,FALSE)=I31, "", IF(I31="x","+", "-")) | Z31: =IF(VLOOKUP($C31,Intermediate!$C$2:$R$208,8,FALSE)=J31, "", IF(J31="x","+", "-")) | AA31: =IF(VLOOKUP($C31,Intermediate!$C$2:$R$208,9,FALSE)=K31, "", IF(K31="x","+", "-")) | AB31: =IF(VLOOKUP($C31,Intermediate!$C$2:$R$208,10,FALSE)=L31, "", IF(L31="x","+", "-")) | AC31: =IF(VLOOKUP($C31,Intermediate!$C$2:$R$208,11,FALSE)=M31, "", IF(M31="x","+", "-")) | AD31: =IF(VLOOKUP($C31,Intermediate!$C$2:$R$208,12,FALSE)=N31, "", IF(N31="x","+", "-")) | AE31: =IF(VLOOKUP($C31,Intermediate!$C$2:$R$208,13,FALSE)=O31, "", IF(O31="x","+", "-")) | AF31: =IF(VLOOKUP($C31,Intermediate!$C$2:$R$208,14,FALSE)=P31, "", IF(P31="x","+", "-")) | AG31: =IF(VLOOKUP($C31,Intermediate!$C$2:$R$208,15,FALSE)=Q31, "", IF(Q31="x","+", "-")) | AH31: =IF(VLOOKUP($C31,Intermediate!$C$2:$R$208,16,FALSE)=R31, "", IF(R31="x","+", "-"))
A32: Software Security | B32: RU | C32: =_xlfn.CONCAT(B32, " ", A32) -> RU Software Security | O32: X | T32: =IF(VLOOKUP($C32,Intermediate!$C$2:$R$208,2,FALSE)=D32, "", IF(D32="x","+", "-")) | U32: =IF(VLOOKUP($C32,Intermediate!$C$2:$R$208,3,FALSE)=E32, "", IF(E32="x","+", "-")) | V32: =IF(VLOOKUP($C32,Intermediate!$C$2:$R$208,4,FALSE)=F32, "", IF(F32="x","+", "-")) | W32: =IF(VLOOKUP($C32,Intermediate!$C$2:$R$208,5,FALSE)=G32, "", IF(G32="x","+", "-")) | X32: =IF(VLOOKUP($C32,Intermediate!$C$2:$R$208,6,FALSE)=H32, "", IF(H32="x","+", "-")) | Y32: =IF(VLOOKUP($C32,Intermediate!$C$2:$R$208,7,FALSE)=I32, "", IF(I32="x","+", "-")) | Z32: =IF(VLOOKUP($C32,Intermediate!$C$2:$R$208,8,FALSE)=J32, "", IF(J32="x","+", "-")) | AA32: =IF(VLOOKUP($C32,Intermediate!$C$2:$R$208,9,FALSE)=K32, "", IF(K32="x","+", "-")) | AB32: =IF(VLOOKUP($C32,Intermediate!$C$2:$R$208,10,FALSE)=L32, "", IF(L32="x","+", "-")) | AC32: =IF(VLOOKUP($C32,Intermediate!$C$2:$R$208,11,FALSE)=M32, "", IF(M32="x","+", "-")) | AD32: =IF(VLOOKUP($C32,Intermediate!$C$2:$R$208,12,FALSE)=N32, "", IF(N32="x","+", "-")) | AE32: =IF(VLOOKUP($C32,Intermediate!$C$2:$R$208,13,FALSE)=O32, "", IF(O32="x","+", "-")) | AF32: =IF(VLOOKUP($C32,Intermediate!$C$2:$R$208,14,FALSE)=P32, "", IF(P32="x","+", "-")) | AG32: =IF(VLOOKUP($C32,Intermediate!$C$2:$R$208,15,FALSE)=Q32, "", IF(Q32="x","+", "-")) | AH32: =IF(VLOOKUP($C32,Intermediate!$C$2:$R$208,16,FALSE)=R32, "", IF(R32="x","+", "-"))
A33: Systems Development Management | B33: RU | C33: =_xlfn.CONCAT(B33, " ", A33) -> RU Systems Development Management | I33: X | L33: X | M33: X | T33: =IF(VLOOKUP($C33,Intermediate!$C$2:$R$208,2,FALSE)=D33, "", IF(D33="x","+", "-")) | U33: =IF(VLOOKUP($C33,Intermediate!$C$2:$R$208,3,FALSE)=E33, "", IF(E33="x","+", "-")) | V33: =IF(VLOOKUP($C33,Intermediate!$C$2:$R$208,4,FALSE)=F33, "", IF(F33="x","+", "-")) | W33: =IF(VLOOKUP($C33,Intermediate!$C$2:$R$208,5,FALSE)=G33, "", IF(G33="x","+", "-")) | X33: =IF(VLOOKUP($C33,Intermediate!$C$2:$R$208,6,FALSE)=H33, "", IF(H33="x","+", "-")) | Y33: =IF(VLOOKUP($C33,Intermediate!$C$2:$R$208,7,FALSE)=I33, "", IF(I33="x","+", "-")) | Z33: =IF(VLOOKUP($C33,Intermediate!$C$2:$R$208,8,FALSE)=J33, "", IF(J33="x","+", "-")) | AA33: =IF(VLOOKUP($C33,Intermediate!$C$2:$R$208,9,FALSE)=K33, "", IF(K33="x","+", "-")) | AB33: =IF(VLOOKUP($C33,Intermediate!$C$2:$R$208,10,FALSE)=L33, "", IF(L33="x","+", "-")) | AC33: =IF(VLOOKUP($C33,Intermediate!$C$2:$R$208,11,FALSE)=M33, "", IF(M33="x","+", "-")) | AD33: =IF(VLOOKUP($C33,Intermediate!$C$2:$R$208,12,FALSE)=N33, "", IF(N33="x","+", "-")) | AE33: =IF(VLOOKUP($C33,Intermediate!$C$2:$R$208,13,FALSE)=O33, "", IF(O33="x","+", "-")) | AF33: =IF(VLOOKUP($C33,Intermediate!$C$2:$R$208,14,FALSE)=P33, "", IF(P33="x","+", "-")) | AG33: =IF(VLOOKUP($C33,Intermediate!$C$2:$R$208,15,FALSE)=Q33, "", IF(Q33="x","+", "-")) | AH33: =IF(VLOOKUP($C33,Intermediate!$C$2:$R$208,16,FALSE)=R33, "", IF(R33="x","+", "-"))
A34: Testing Techniques | B34: RU | C34: =_xlfn.CONCAT(B34, " ", A34) -> RU Testing Techniques | H34: X | M34: X | N34: X | T34: =IF(VLOOKUP($C34,Intermediate!$C$2:$R$208,2,FALSE)=D34, "", IF(D34="x","+", "-")) | U34: =IF(VLOOKUP($C34,Intermediate!$C$2:$R$208,3,FALSE)=E34, "", IF(E34="x","+", "-")) | V34: =IF(VLOOKUP($C34,Intermediate!$C$2:$R$208,4,FALSE)=F34, "", IF(F34="x","+", "-")) | W34: =IF(VLOOKUP($C34,Intermediate!$C$2:$R$208,5,FALSE)=G34, "", IF(G34="x","+", "-")) | X34: =IF(VLOOKUP($C34,Intermediate!$C$2:$R$208,6,FALSE)=H34, "", IF(H34="x","+", "-")) | Y34: =IF(VLOOKUP($C34,Intermediate!$C$2:$R$208,7,FALSE)=I34, "", IF(I34="x","+", "-")) | Z34: =IF(VLOOKUP($C34,Intermediate!$C$2:$R$208,8,FALSE)=J34, "", IF(J34="x","+", "-")) | AA34: =IF(VLOOKUP($C34,Intermediate!$C$2:$R$208,9,FALSE)=K34, "", IF(K34="x","+", "-")) | AB34: =IF(VLOOKUP($C34,Intermediate!$C$2:$R$208,10,FALSE)=L34, "", IF(L34="x","+", "-")) | AC34: =IF(VLOOKUP($C34,Intermediate!$C$2:$R$208,11,FALSE)=M34, "", IF(M34="x","+", "-")) | AD34: =IF(VLOOKUP($C34,Intermediate!$C$2:$R$208,12,FALSE)=N34, "", IF(N34="x","+", "-")) | AE34: =IF(VLOOKUP($C34,Intermediate!$C$2:$R$208,13,FALSE)=O34, "", IF(O34="x","+", "-")) | AF34: =IF(VLOOKUP($C34,Intermediate!$C$2:$R$208,14,FALSE)=P34, "", IF(P34="x","+", "-")) | AG34: =IF(VLOOKUP($C34,Intermediate!$C$2:$R$208,15,FALSE)=Q34, "", IF(Q34="x","+", "-")) | AH34: =IF(VLOOKUP($C34,Intermediate!$C$2:$R$208,16,FALSE)=R34, "", IF(R34="x","+", "-"))
A35: Type Theory and Coq | B35: RU | C35: =_xlfn.CONCAT(B35, " ", A35) -> RU Type Theory and Coq | Q35: X | R35: X | T35: =IF(VLOOKUP($C35,Intermediate!$C$2:$R$208,2,FALSE)=D35, "", IF(D35="x","+", "-")) | U35: =IF(VLOOKUP($C35,Intermediate!$C$2:$R$208,3,FALSE)=E35, "", IF(E35="x","+", "-")) | V35: =IF(VLOOKUP($C35,Intermediate!$C$2:$R$208,4,FALSE)=F35, "", IF(F35="x","+", "-")) | W35: =IF(VLOOKUP($C35,Intermediate!$C$2:$R$208,5,FALSE)=G35, "", IF(G35="x","+", "-")) | X35: =IF(VLOOKUP($C35,Intermediate!$C$2:$R$208,6,FALSE)=H35, "", IF(H35="x","+", "-")) | Y35: =IF(VLOOKUP($C35,Intermediate!$C$2:$R$208,7,FALSE)=I35, "", IF(I35="x","+", "-")) | Z35: =IF(VLOOKUP($C35,Intermediate!$C$2:$R$208,8,FALSE)=J35, "", IF(J35="x","+", "-")) | AA35: =IF(VLOOKUP($C35,Intermediate!$C$2:$R$208,9,FALSE)=K35, "", IF(K35="x","+", "-")) | AB35: =IF(VLOOKUP($C35,Intermediate!$C$2:$R$208,10,FALSE)=L35, "", IF(L35="x","+", "-")) | AC35: =IF(VLOOKUP($C35,Intermediate!$C$2:$R$208,11,FALSE)=M35, "", IF(M35="x","+", "-")) | AD35: =IF(VLOOKUP($C35,Intermediate!$C$2:$R$208,12,FALSE)=N35, "", IF(N35="x","+", "-")) | AE35: =IF(VLOOKUP($C35,Intermediate!$C$2:$R$208,13,FALSE)=O35, "", IF(O35="x","+", "-")) | AF35: =IF(VLOOKUP($C35,Intermediate!$C$2:$R$208,14,FALSE)=P35, "", IF(P35="x","+", "-")) | AG35: =IF(VLOOKUP($C35,Intermediate!$C$2:$R$208,15,FALSE)=Q35, "", IF(Q35="x","+", "-")) | AH35: =IF(VLOOKUP($C35,Intermediate!$C$2:$R$208,16,FALSE)=R35, "", IF(R35="x","+", "-"))
A36: Advanced Object Oriented Programming | B36: RUG | C36: =_xlfn.CONCAT(B36, " ", A36) -> RUG Advanced Object Oriented Programming | F36: X | G36: X | K36: X | M36: X | T36: =IF(VLOOKUP($C36,Intermediate!$C$2:$R$208,2,FALSE)=D36, "", IF(D36="x","+", "-")) | U36: =IF(VLOOKUP($C36,Intermediate!$C$2:$R$208,3,FALSE)=E36, "", IF(E36="x","+", "-")) | V36: =IF(VLOOKUP($C36,Intermediate!$C$2:$R$208,4,FALSE)=F36, "", IF(F36="x","+", "-")) | W36: =IF(VLOOKUP($C36,Intermediate!$C$2:$R$208,5,FALSE)=G36, "", IF(G36="x","+", "-")) | X36: =IF(VLOOKUP($C36,Intermediate!$C$2:$R$208,6,FALSE)=H36, "", IF(H36="x","+", "-")) | Y36: =IF(VLOOKUP($C36,Intermediate!$C$2:$R$208,7,FALSE)=I36, "", IF(I36="x","+", "-")) | Z36: =IF(VLOOKUP($C36,Intermediate!$C$2:$R$208,8,FALSE)=J36, "", IF(J36="x","+", "-")) | AA36: =IF(VLOOKUP($C36,Intermediate!$C$2:$R$208,9,FALSE)=K36, "", IF(K36="x","+", "-")) | AB36: =IF(VLOOKUP($C36,Intermediate!$C$2:$R$208,10,FALSE)=L36, "", IF(L36="x","+", "-")) | AC36: =IF(VLOOKUP($C36,Intermediate!$C$2:$R$208,11,FALSE)=M36, "", IF(M36="x","+", "-")) | AD36: =IF(VLOOKUP($C36,Intermediate!$C$2:$R$208,12,FALSE)=N36, "", IF(N36="x","+", "-")) | AE36: =IF(VLOOKUP($C36,Intermediate!$C$2:$R$208,13,FALSE)=O36, "", IF(O36="x","+", "-")) | AF36: =IF(VLOOKUP($C36,Intermediate!$C$2:$R$208,14,FALSE)=P36, "", IF(P36="x","+", "-")) | AG36: =IF(VLOOKUP($C36,Intermediate!$C$2:$R$208,15,FALSE)=Q36, "", IF(Q36="x","+", "-")) | AH36: =IF(VLOOKUP($C36,Intermediate!$C$2:$R$208,16,FALSE)=R36, "", IF(R36="x","+", "-"))
A37: Advanced programming in C++ | B37: RUG | C37: =_xlfn.CONCAT(B37, " ", A37) -> RUG Advanced programming in C++ | G37: X | T37: =IF(VLOOKUP($C37,Intermediate!$C$2:$R$208,2,FALSE)=D37, "", IF(D37="x","+", "-")) | U37: =IF(VLOOKUP($C37,Intermediate!$C$2:$R$208,3,FALSE)=E37, "", IF(E37="x","+", "-")) | V37: =IF(VLOOKUP($C37,Intermediate!$C$2:$R$208,4,FALSE)=F37, "", IF(F37="x","+", "-")) | W37: =IF(VLOOKUP($C37,Intermediate!$C$2:$R$208,5,FALSE)=G37, "", IF(G37="x","+", "-")) | X37: =IF(VLOOKUP($C37,Intermediate!$C$2:$R$208,6,FALSE)=H37, "", IF(H37="x","+", "-")) | Y37: =IF(VLOOKUP($C37,Intermediate!$C$2:$R$208,7,FALSE)=I37, "", IF(I37="x","+", "-")) | Z37: =IF(VLOOKUP($C37,Intermediate!$C$2:$R$208,8,FALSE)=J37, "", IF(J37="x","+", "-")) | AA37: =IF(VLOOKUP($C37,Intermediate!$C$2:$R$208,9,FALSE)=K37, "", IF(K37="x","+", "-")) | AB37: =IF(VLOOKUP($C37,Intermediate!$C$2:$R$208,10,FALSE)=L37, "", IF(L37="x","+", "-")) | AC37: =IF(VLOOKUP($C37,Intermediate!$C$2:$R$208,11,FALSE)=M37, "", IF(M37="x","+", "-")) | AD37: =IF(VLOOKUP($C37,Intermediate!$C$2:$R$208,12,FALSE)=N37, "", IF(N37="x","+", "-")) | AE37: =IF(VLOOKUP($C37,Intermediate!$C$2:$R$208,13,FALSE)=O37, "", IF(O37="x","+", "-")) | AF37: =IF(VLOOKUP($C37,Intermediate!$C$2:$R$208,14,FALSE)=P37, "", IF(P37="x","+", "-")) | AG37: =IF(VLOOKUP($C37,Intermediate!$C$2:$R$208,15,FALSE)=Q37, "", IF(Q37="x","+", "-")) | AH37: =IF(VLOOKUP($C37,Intermediate!$C$2:$R$208,16,FALSE)=R37, "", IF(R37="x","+", "-"))
A38: Compiler Construction | B38: RUG | C38: =_xlfn.CONCAT(B38, " ", A38) -> RUG Compiler Construction | R38: X | T38: =IF(VLOOKUP($C38,Intermediate!$C$2:$R$208,2,FALSE)=D38, "", IF(D38="x","+", "-")) | U38: =IF(VLOOKUP($C38,Intermediate!$C$2:$R$208,3,FALSE)=E38, "", IF(E38="x","+", "-")) | V38: =IF(VLOOKUP($C38,Intermediate!$C$2:$R$208,4,FALSE)=F38, "", IF(F38="x","+", "-")) | W38: =IF(VLOOKUP($C38,Intermediate!$C$2:$R$208,5,FALSE)=G38, "", IF(G38="x","+", "-")) | X38: =IF(VLOOKUP($C38,Intermediate!$C$2:$R$208,6,FALSE)=H38, "", IF(H38="x","+", "-")) | Y38: =IF(VLOOKUP($C38,Intermediate!$C$2:$R$208,7,FALSE)=I38, "", IF(I38="x","+", "-")) | Z38: =IF(VLOOKUP($C38,Intermediate!$C$2:$R$208,8,FALSE)=J38, "", IF(J38="x","+", "-")) | AA38: =IF(VLOOKUP($C38,Intermediate!$C$2:$R$208,9,FALSE)=K38, "", IF(K38="x","+", "-")) | AB38: =IF(VLOOKUP($C38,Intermediate!$C$2:$R$208,10,FALSE)=L38, "", IF(L38="x","+", "-")) | AC38: =IF(VLOOKUP($C38,Intermediate!$C$2:$R$208,11,FALSE)=M38, "", IF(M38="x","+", "-")) | AD38: =IF(VLOOKUP($C38,Intermediate!$C$2:$R$208,12,FALSE)=N38, "", IF(N38="x","+", "-")) | AE38: =IF(VLOOKUP($C38,Intermediate!$C$2:$R$208,13,FALSE)=O38, "", IF(O38="x","+", "-")) | AF38: =IF(VLOOKUP($C38,Intermediate!$C$2:$R$208,14,FALSE)=P38, "", IF(P38="x","+", "-")) | AG38: =IF(VLOOKUP($C38,Intermediate!$C$2:$R$208,15,FALSE)=Q38, "", IF(Q38="x","+", "-")) | AH38: =IF(VLOOKUP($C38,Intermediate!$C$2:$R$208,16,FALSE)=R38, "", IF(R38="x","+", "-"))
A39: Functional Programming | B39: RUG | C39: =_xlfn.CONCAT(B39, " ", A39) -> RUG Functional Programming | G39: X | T39: =IF(VLOOKUP($C39,Intermediate!$C$2:$R$208,2,FALSE)=D39, "", IF(D39="x","+", "-")) | U39: =IF(VLOOKUP($C39,Intermediate!$C$2:$R$208,3,FALSE)=E39, "", IF(E39="x","+", "-")) | V39: =IF(VLOOKUP($C39,Intermediate!$C$2:$R$208,4,FALSE)=F39, "", IF(F39="x","+", "-")) | W39: =IF(VLOOKUP($C39,Intermediate!$C$2:$R$208,5,FALSE)=G39, "", IF(G39="x","+", "-")) | X39: =IF(VLOOKUP($C39,Intermediate!$C$2:$R$208,6,FALSE)=H39, "", IF(H39="x","+", "-")) | Y39: =IF(VLOOKUP($C39,Intermediate!$C$2:$R$208,7,FALSE)=I39, "", IF(I39="x","+", "-")) | Z39: =IF(VLOOKUP($C39,Intermediate!$C$2:$R$208,8,FALSE)=J39, "", IF(J39="x","+", "-")) | AA39: =IF(VLOOKUP($C39,Intermediate!$C$2:$R$208,9,FALSE)=K39, "", IF(K39="x","+", "-")) | AB39: =IF(VLOOKUP($C39,Intermediate!$C$2:$R$208,10,FALSE)=L39, "", IF(L39="x","+", "-")) | AC39: =IF(VLOOKUP($C39,Intermediate!$C$2:$R$208,11,FALSE)=M39, "", IF(M39="x","+", "-")) | AD39: =IF(VLOOKUP($C39,Intermediate!$C$2:$R$208,12,FALSE)=N39, "", IF(N39="x","+", "-")) | AE39: =IF(VLOOKUP($C39,Intermediate!$C$2:$R$208,13,FALSE)=O39, "", IF(O39="x","+", "-")) | AF39: =IF(VLOOKUP($C39,Intermediate!$C$2:$R$208,14,FALSE)=P39, "", IF(P39="x","+", "-")) | AG39: =IF(VLOOKUP($C39,Intermediate!$C$2:$R$208,15,FALSE)=Q39, "", IF(Q39="x","+", "-")) | AH39: =IF(VLOOKUP($C39,Intermediate!$C$2:$R$208,16,FALSE)=R39, "", IF(R39="x","+", "-"))
A40: Introduction to Scientific Computing | B40: RUG | C40: =_xlfn.CONCAT(B40, " ", A40) -> RUG Introduction to Scientific Computing | G40: X | T40: =IF(VLOOKUP($C40,Intermediate!$C$2:$R$208,2,FALSE)=D40, "", IF(D40="x","+", "-")) | U40: =IF(VLOOKUP($C40,Intermediate!$C$2:$R$208,3,FALSE)=E40, "", IF(E40="x","+", "-")) | V40: =IF(VLOOKUP($C40,Intermediate!$C$2:$R$208,4,FALSE)=F40, "", IF(F40="x","+", "-")) | W40: =IF(VLOOKUP($C40,Intermediate!$C$2:$R$208,5,FALSE)=G40, "", IF(G40="x","+", "-")) | X40: =IF(VLOOKUP($C40,Intermediate!$C$2:$R$208,6,FALSE)=H40, "", IF(H40="x","+", "-")) | Y40: =IF(VLOOKUP($C40,Intermediate!$C$2:$R$208,7,FALSE)=I40, "", IF(I40="x","+", "-")) | Z40: =IF(VLOOKUP($C40,Intermediate!$C$2:$R$208,8,FALSE)=J40, "", IF(J40="x","+", "-")) | AA40: =IF(VLOOKUP($C40,Intermediate!$C$2:$R$208,9,FALSE)=K40, "", IF(K40="x","+", "-")) | AB40: =IF(VLOOKUP($C40,Intermediate!$C$2:$R$208,10,FALSE)=L40, "", IF(L40="x","+", "-")) | AC40: =IF(VLOOKUP($C40,Intermediate!$C$2:$R$208,11,FALSE)=M40, "", IF(M40="x","+", "-")) | AD40: =IF(VLOOKUP($C40,Intermediate!$C$2:$R$208,12,FALSE)=N40, "", IF(N40="x","+", "-")) | AE40: =IF(VLOOKUP($C40,Intermediate!$C$2:$R$208,13,FALSE)=O40, "", IF(O40="x","+", "-")) | AF40: =IF(VLOOKUP($C40,Intermediate!$C$2:$R$208,14,FALSE)=P40, "", IF(P40="x","+", "-")) | AG40: =IF(VLOOKUP($C40,Intermediate!$C$2:$R$208,15,FALSE)=Q40, "", IF(Q40="x","+", "-")) | AH40: =IF(VLOOKUP($C40,Intermediate!$C$2:$R$208,16,FALSE)=R40, "", IF(R40="x","+", "-"))
A41: Object-Oriented Programming (for CS) | B41: RUG | C41: =_xlfn.CONCAT(B41, " ", A41) -> RUG Object-Oriented Programming (for CS) | G41: X | N41: X | T41: =IF(VLOOKUP($C41,Intermediate!$C$2:$R$208,2,FALSE)=D41, "", IF(D41="x","+", "-")) | U41: =IF(VLOOKUP($C41,Intermediate!$C$2:$R$208,3,FALSE)=E41, "", IF(E41="x","+", "-")) | V41: =IF(VLOOKUP($C41,Intermediate!$C$2:$R$208,4,FALSE)=F41, "", IF(F41="x","+", "-")) | W41: =IF(VLOOKUP($C41,Intermediate!$C$2:$R$208,5,FALSE)=G41, "", IF(G41="x","+", "-")) | X41: =IF(VLOOKUP($C41,Intermediate!$C$2:$R$208,6,FALSE)=H41, "", IF(H41="x","+", "-")) | Y41: =IF(VLOOKUP($C41,Intermediate!$C$2:$R$208,7,FALSE)=I41, "", IF(I41="x","+", "-")) | Z41: =IF(VLOOKUP($C41,Intermediate!$C$2:$R$208,8,FALSE)=J41, "", IF(J41="x","+", "-")) | AA41: =IF(VLOOKUP($C41,Intermediate!$C$2:$R$208,9,FALSE)=K41, "", IF(K41="x","+", "-")) | AB41: =IF(VLOOKUP($C41,Intermediate!$C$2:$R$208,10,FALSE)=L41, "", IF(L41="x","+", "-")) | AC41: =IF(VLOOKUP($C41,Intermediate!$C$2:$R$208,11,FALSE)=M41, "", IF(M41="x","+", "-")) | AD41: =IF(VLOOKUP($C41,Intermediate!$C$2:$R$208,12,FALSE)=N41, "", IF(N41="x","+", "-")) | AE41: =IF(VLOOKUP($C41,Intermediate!$C$2:$R$208,13,FALSE)=O41, "", IF(O41="x","+", "-")) | AF41: =IF(VLOOKUP($C41,Intermediate!$C$2:$R$208,14,FALSE)=P41, "", IF(P41="x","+", "-")) | AG41: =IF(VLOOKUP($C41,Intermediate!$C$2:$R$208,15,FALSE)=Q41, "", IF(Q41="x","+", "-")) | AH41: =IF(VLOOKUP($C41,Intermediate!$C$2:$R$208,16,FALSE)=R41, "", IF(R41="x","+", "-"))
A42: Parallel Computing | B42: RUG | C42: =_xlfn.CONCAT(B42, " ", A42) -> RUG Parallel Computing | G42: X | T42: =IF(VLOOKUP($C42,Intermediate!$C$2:$R$208,2,FALSE)=D42, "", IF(D42="x","+", "-")) | U42: =IF(VLOOKUP($C42,Intermediate!$C$2:$R$208,3,FALSE)=E42, "", IF(E42="x","+", "-")) | V42: =IF(VLOOKUP($C42,Intermediate!$C$2:$R$208,4,FALSE)=F42, "", IF(F42="x","+", "-")) | W42: =IF(VLOOKUP($C42,Intermediate!$C$2:$R$208,5,FALSE)=G42, "", IF(G42="x","+", "-")) | X42: =IF(VLOOKUP($C42,Intermediate!$C$2:$R$208,6,FALSE)=H42, "", IF(H42="x","+", "-")) | Y42: =IF(VLOOKUP($C42,Intermediate!$C$2:$R$208,7,FALSE)=I42, "", IF(I42="x","+", "-")) | Z42: =IF(VLOOKUP($C42,Intermediate!$C$2:$R$208,8,FALSE)=J42, "", IF(J42="x","+", "-")) | AA42: =IF(VLOOKUP($C42,Intermediate!$C$2:$R$208,9,FALSE)=K42, "", IF(K42="x","+", "-")) | AB42: =IF(VLOOKUP($C42,Intermediate!$C$2:$R$208,10,FALSE)=L42, "", IF(L42="x","+", "-")) | AC42: =IF(VLOOKUP($C42,Intermediate!$C$2:$R$208,11,FALSE)=M42, "", IF(M42="x","+", "-")) | AD42: =IF(VLOOKUP($C42,Intermediate!$C$2:$R$208,12,FALSE)=N42, "", IF(N42="x","+", "-")) | AE42: =IF(VLOOKUP($C42,Intermediate!$C$2:$R$208,13,FALSE)=O42, "", IF(O42="x","+", "-")) | AF42: =IF(VLOOKUP($C42,Intermediate!$C$2:$R$208,14,FALSE)=P42, "", IF(P42="x","+", "-")) | AG42: =IF(VLOOKUP($C42,Intermediate!$C$2:$R$208,15,FALSE)=Q42, "", IF(Q42="x","+", "-")) | AH42: =IF(VLOOKUP($C42,Intermediate!$C$2:$R$208,16,FALSE)=R42, "", IF(R42="x","+", "-"))
A43: Problem Analysis and Software Design | B43: RUG | C43: =_xlfn.CONCAT(B43, " ", A43) -> RUG Problem Analysis and Software Design | D43: X | F43: X | T43: =IF(VLOOKUP($C43,Intermediate!$C$2:$R$208,2,FALSE)=D43, "", IF(D43="x","+", "-")) | U43: =IF(VLOOKUP($C43,Intermediate!$C$2:$R$208,3,FALSE)=E43, "", IF(E43="x","+", "-")) | V43: =IF(VLOOKUP($C43,Intermediate!$C$2:$R$208,4,FALSE)=F43, "", IF(F43="x","+", "-")) | W43: =IF(VLOOKUP($C43,Intermediate!$C$2:$R$208,5,FALSE)=G43, "", IF(G43="x","+", "-")) | X43: =IF(VLOOKUP($C43,Intermediate!$C$2:$R$208,6,FALSE)=H43, "", IF(H43="x","+", "-")) | Y43: =IF(VLOOKUP($C43,Intermediate!$C$2:$R$208,7,FALSE)=I43, "", IF(I43="x","+", "-")) | Z43: =IF(VLOOKUP($C43,Intermediate!$C$2:$R$208,8,FALSE)=J43, "", IF(J43="x","+", "-")) | AA43: =IF(VLOOKUP($C43,Intermediate!$C$2:$R$208,9,FALSE)=K43, "", IF(K43="x","+", "-")) | AB43: =IF(VLOOKUP($C43,Intermediate!$C$2:$R$208,10,FALSE)=L43, "", IF(L43="x","+", "-")) | AC43: =IF(VLOOKUP($C43,Intermediate!$C$2:$R$208,11,FALSE)=M43, "", IF(M43="x","+", "-")) | AD43: =IF(VLOOKUP($C43,Intermediate!$C$2:$R$208,12,FALSE)=N43, "", IF(N43="x","+", "-")) | AE43: =IF(VLOOKUP($C43,Intermediate!$C$2:$R$208,13,FALSE)=O43, "", IF(O43="x","+", "-")) | AF43: =IF(VLOOKUP($C43,Intermediate!$C$2:$R$208,14,FALSE)=P43, "", IF(P43="x","+", "-")) | AG43: =IF(VLOOKUP($C43,Intermediate!$C$2:$R$208,15,FALSE)=Q43, "", IF(Q43="x","+", "-")) | AH43: =IF(VLOOKUP($C43,Intermediate!$C$2:$R$208,16,FALSE)=R43, "", IF(R43="x","+", "-"))
A44: Program Correctness | B44: RUG | C44: =_xlfn.CONCAT(B44, " ", A44) -> RUG Program Correctness | O44: X | Q44: X | T44: =IF(VLOOKUP($C44,Intermediate!$C$2:$R$208,2,FALSE)=D44, "", IF(D44="x","+", "-")) | U44: =IF(VLOOKUP($C44,Intermediate!$C$2:$R$208,3,FALSE)=E44, "", IF(E44="x","+", "-")) | V44: =IF(VLOOKUP($C44,Intermediate!$C$2:$R$208,4,FALSE)=F44, "", IF(F44="x","+", "-")) | W44: =IF(VLOOKUP($C44,Intermediate!$C$2:$R$208,5,FALSE)=G44, "", IF(G44="x","+", "-")) | X44: =IF(VLOOKUP($C44,Intermediate!$C$2:$R$208,6,FALSE)=H44, "", IF(H44="x","+", "-")) | Y44: =IF(VLOOKUP($C44,Intermediate!$C$2:$R$208,7,FALSE)=I44, "", IF(I44="x","+", "-")) | Z44: =IF(VLOOKUP($C44,Intermediate!$C$2:$R$208,8,FALSE)=J44, "", IF(J44="x","+", "-")) | AA44: =IF(VLOOKUP($C44,Intermediate!$C$2:$R$208,9,FALSE)=K44, "", IF(K44="x","+", "-")) | AB44: =IF(VLOOKUP($C44,Intermediate!$C$2:$R$208,10,FALSE)=L44, "", IF(L44="x","+", "-")) | AC44: =IF(VLOOKUP($C44,Intermediate!$C$2:$R$208,11,FALSE)=M44, "", IF(M44="x","+", "-")) | AD44: =IF(VLOOKUP($C44,Intermediate!$C$2:$R$208,12,FALSE)=N44, "", IF(N44="x","+", "-")) | AE44: =IF(VLOOKUP($C44,Intermediate!$C$2:$R$208,13,FALSE)=O44, "", IF(O44="x","+", "-")) | AF44: =IF(VLOOKUP($C44,Intermediate!$C$2:$R$208,14,FALSE)=P44, "", IF(P44="x","+", "-")) | AG44: =IF(VLOOKUP($C44,Intermediate!$C$2:$R$208,15,FALSE)=Q44, "", IF(Q44="x","+", "-")) | AH44: =IF(VLOOKUP($C44,Intermediate!$C$2:$R$208,16,FALSE)=R44, "", IF(R44="x","+", "-"))
A45: Programming in C++ | B45: RUG | C45: =_xlfn.CONCAT(B45, " ", A45) -> RUG Programming in C++ | G45: X | T45: =IF(VLOOKUP($C45,Intermediate!$C$2:$R$208,2,FALSE)=D45, "", IF(D45="x","+", "-")) | U45: =IF(VLOOKUP($C45,Intermediate!$C$2:$R$208,3,FALSE)=E45, "", IF(E45="x","+", "-")) | V45: =IF(VLOOKUP($C45,Intermediate!$C$2:$R$208,4,FALSE)=F45, "", IF(F45="x","+", "-")) | W45: =IF(VLOOKUP($C45,Intermediate!$C$2:$R$208,5,FALSE)=G45, "", IF(G45="x","+", "-")) | X45: =IF(VLOOKUP($C45,Intermediate!$C$2:$R$208,6,FALSE)=H45, "", IF(H45="x","+", "-")) | Y45: =IF(VLOOKUP($C45,Intermediate!$C$2:$R$208,7,FALSE)=I45, "", IF(I45="x","+", "-")) | Z45: =IF(VLOOKUP($C45,Intermediate!$C$2:$R$208,8,FALSE)=J45, "", IF(J45="x","+", "-")) | AA45: =IF(VLOOKUP($C45,Intermediate!$C$2:$R$208,9,FALSE)=K45, "", IF(K45="x","+", "-")) | AB45: =IF(VLOOKUP($C45,Intermediate!$C$2:$R$208,10,FALSE)=L45, "", IF(L45="x","+", "-")) | AC45: =IF(VLOOKUP($C45,Intermediate!$C$2:$R$208,11,FALSE)=M45, "", IF(M45="x","+", "-")) | AD45: =IF(VLOOKUP($C45,Intermediate!$C$2:$R$208,12,FALSE)=N45, "", IF(N45="x","+", "-")) | AE45: =IF(VLOOKUP($C45,Intermediate!$C$2:$R$208,13,FALSE)=O45, "", IF(O45="x","+", "-")) | AF45: =IF(VLOOKUP($C45,Intermediate!$C$2:$R$208,14,FALSE)=P45, "", IF(P45="x","+", "-")) | AG45: =IF(VLOOKUP($C45,Intermediate!$C$2:$R$208,15,FALSE)=Q45, "", IF(Q45="x","+", "-")) | AH45: =IF(VLOOKUP($C45,Intermediate!$C$2:$R$208,16,FALSE)=R45, "", IF(R45="x","+", "-"))
A46: Short programming project | B46: RUG | C46: =_xlfn.CONCAT(B46, " ", A46) -> RUG Short programming project | T46: =IF(VLOOKUP($C46,Intermediate!$C$2:$R$208,2,FALSE)=D46, "", IF(D46="x","+", "-")) | U46: =IF(VLOOKUP($C46,Intermediate!$C$2:$R$208,3,FALSE)=E46, "", IF(E46="x","+", "-")) | V46: =IF(VLOOKUP($C46,Intermediate!$C$2:$R$208,4,FALSE)=F46, "", IF(F46="x","+", "-")) | W46: =IF(VLOOKUP($C46,Intermediate!$C$2:$R$208,5,FALSE)=G46, "", IF(G46="x","+", "-")) | X46: =IF(VLOOKUP($C46,Intermediate!$C$2:$R$208,6,FALSE)=H46, "", IF(H46="x","+", "-")) | Y46: =IF(VLOOKUP($C46,Intermediate!$C$2:$R$208,7,FALSE)=I46, "", IF(I46="x","+", "-")) | Z46: =IF(VLOOKUP($C46,Intermediate!$C$2:$R$208,8,FALSE)=J46, "", IF(J46="x","+", "-")) | AA46: =IF(VLOOKUP($C46,Intermediate!$C$2:$R$208,9,FALSE)=K46, "", IF(K46="x","+", "-")) | AB46: =IF(VLOOKUP($C46,Intermediate!$C$2:$R$208,10,FALSE)=L46, "", IF(L46="x","+", "-")) | AC46: =IF(VLOOKUP($C46,Intermediate!$C$2:$R$208,11,FALSE)=M46, "", IF(M46="x","+", "-")) | AD46: =IF(VLOOKUP($C46,Intermediate!$C$2:$R$208,12,FALSE)=N46, "", IF(N46="x","+", "-")) | AE46: =IF(VLOOKUP($C46,Intermediate!$C$2:$R$208,13,FALSE)=O46, "", IF(O46="x","+", "-")) | AF46: =IF(VLOOKUP($C46,Intermediate!$C$2:$R$208,14,FALSE)=P46, "", IF(P46="x","+", "-")) | AG46: =IF(VLOOKUP($C46,Intermediate!$C$2:$R$208,15,FALSE)=Q46, "", IF(Q46="x","+", "-")) | AH46: =IF(VLOOKUP($C46,Intermediate!$C$2:$R$208,16,FALSE)=R46, "", IF(R46="x","+", "-"))
A47: Software Engineering | B47: RUG | C47: =_xlfn.CONCAT(B47, " ", A47) -> RUG Software Engineering | T47: =IF(VLOOKUP($C47,Intermediate!$C$2:$R$208,2,FALSE)=D47, "", IF(D47="x","+", "-")) | U47: =IF(VLOOKUP($C47,Intermediate!$C$2:$R$208,3,FALSE)=E47, "", IF(E47="x","+", "-")) | V47: =IF(VLOOKUP($C47,Intermediate!$C$2:$R$208,4,FALSE)=F47, "", IF(F47="x","+", "-")) | W47: =IF(VLOOKUP($C47,Intermediate!$C$2:$R$208,5,FALSE)=G47, "", IF(G47="x","+", "-")) | X47: =IF(VLOOKUP($C47,Intermediate!$C$2:$R$208,6,FALSE)=H47, "", IF(H47="x","+", "-")) | Y47: =IF(VLOOKUP($C47,Intermediate!$C$2:$R$208,7,FALSE)=I47, "", IF(I47="x","+", "-")) | Z47: =IF(VLOOKUP($C47,Intermediate!$C$2:$R$208,8,FALSE)=J47, "", IF(J47="x","+", "-")) | AA47: =IF(VLOOKUP($C47,Intermediate!$C$2:$R$208,9,FALSE)=K47, "", IF(K47="x","+", "-")) | AB47: =IF(VLOOKUP($C47,Intermediate!$C$2:$R$208,10,FALSE)=L47, "", IF(L47="x","+", "-")) | AC47: =IF(VLOOKUP($C47,Intermediate!$C$2:$R$208,11,FALSE)=M47, "", IF(M47="x","+", "-")) | AD47: =IF(VLOOKUP($C47,Intermediate!$C$2:$R$208,12,FALSE)=N47, "", IF(N47="x","+", "-")) | AE47: =IF(VLOOKUP($C47,Intermediate!$C$2:$R$208,13,FALSE)=O47, "", IF(O47="x","+", "-")) | AF47: =IF(VLOOKUP($C47,Intermediate!$C$2:$R$208,14,FALSE)=P47, "", IF(P47="x","+", "-")) | AG47: =IF(VLOOKUP($C47,Intermediate!$C$2:$R$208,15,FALSE)=Q47, "", IF(Q47="x","+", "-")) | AH47: =IF(VLOOKUP($C47,Intermediate!$C$2:$R$208,16,FALSE)=R47, "", IF(R47="x","+", "-"))
A48: Software Language Engineering | B48: RUG | C48: =_xlfn.CONCAT(B48, " ", A48) -> RUG Software Language Engineering | R48: X | T48: =IF(VLOOKUP($C48,Intermediate!$C$2:$R$208,2,FALSE)=D48, "", IF(D48="x","+", "-")) | U48: =IF(VLOOKUP($C48,Intermediate!$C$2:$R$208,3,FALSE)=E48, "", IF(E48="x","+", "-")) | V48: =IF(VLOOKUP($C48,Intermediate!$C$2:$R$208,4,FALSE)=F48, "", IF(F48="x","+", "-")) | W48: =IF(VLOOKUP($C48,Intermediate!$C$2:$R$208,5,FALSE)=G48, "", IF(G48="x","+", "-")) | X48: =IF(VLOOKUP($C48,Intermediate!$C$2:$R$208,6,FALSE)=H48, "", IF(H48="x","+", "-")) | Y48: =IF(VLOOKUP($C48,Intermediate!$C$2:$R$208,7,FALSE)=I48, "", IF(I48="x","+", "-")) | Z48: =IF(VLOOKUP($C48,Intermediate!$C$2:$R$208,8,FALSE)=J48, "", IF(J48="x","+", "-")) | AA48: =IF(VLOOKUP($C48,Intermediate!$C$2:$R$208,9,FALSE)=K48, "", IF(K48="x","+", "-")) | AB48: =IF(VLOOKUP($C48,Intermediate!$C$2:$R$208,10,FALSE)=L48, "", IF(L48="x","+", "-")) | AC48: =IF(VLOOKUP($C48,Intermediate!$C$2:$R$208,11,FALSE)=M48, "", IF(M48="x","+", "-")) | AD48: =IF(VLOOKUP($C48,Intermediate!$C$2:$R$208,12,FALSE)=N48, "", IF(N48="x","+", "-")) | AE48: =IF(VLOOKUP($C48,Intermediate!$C$2:$R$208,13,FALSE)=O48, "", IF(O48="x","+", "-")) | AF48: =IF(VLOOKUP($C48,Intermediate!$C$2:$R$208,14,FALSE)=P48, "", IF(P48="x","+", "-")) | AG48: =IF(VLOOKUP($C48,Intermediate!$C$2:$R$208,15,FALSE)=Q48, "", IF(Q48="x","+", "-")) | AH48: =IF(VLOOKUP($C48,Intermediate!$C$2:$R$208,16,FALSE)=R48, "", IF(R48="x","+", "-"))
A49: Web Engineering | B49: RUG | C49: =_xlfn.CONCAT(B49, " ", A49) -> RUG Web Engineering | E49: X | G49: X | K49: X | N49: X | T49: =IF(VLOOKUP($C49,Intermediate!$C$2:$R$208,2,FALSE)=D49, "", IF(D49="x","+", "-")) | U49: =IF(VLOOKUP($C49,Intermediate!$C$2:$R$208,3,FALSE)=E49, "", IF(E49="x","+", "-")) | V49: =IF(VLOOKUP($C49,Intermediate!$C$2:$R$208,4,FALSE)=F49, "", IF(F49="x","+", "-")) | W49: =IF(VLOOKUP($C49,Intermediate!$C$2:$R$208,5,FALSE)=G49, "", IF(G49="x","+", "-")) | X49: =IF(VLOOKUP($C49,Intermediate!$C$2:$R$208,6,FALSE)=H49, "", IF(H49="x","+", "-")) | Y49: =IF(VLOOKUP($C49,Intermediate!$C$2:$R$208,7,FALSE)=I49, "", IF(I49="x","+", "-")) | Z49: =IF(VLOOKUP($C49,Intermediate!$C$2:$R$208,8,FALSE)=J49, "", IF(J49="x","+", "-")) | AA49: =IF(VLOOKUP($C49,Intermediate!$C$2:$R$208,9,FALSE)=K49, "", IF(K49="x","+", "-")) | AB49: =IF(VLOOKUP($C49,Intermediate!$C$2:$R$208,10,FALSE)=L49, "", IF(L49="x","+", "-")) | AC49: =IF(VLOOKUP($C49,Intermediate!$C$2:$R$208,11,FALSE)=M49, "", IF(M49="x","+", "-")) | AD49: =IF(VLOOKUP($C49,Intermediate!$C$2:$R$208,12,FALSE)=N49, "", IF(N49="x","+", "-")) | AE49: =IF(VLOOKUP($C49,Intermediate!$C$2:$R$208,13,FALSE)=O49, "", IF(O49="x","+", "-")) | AF49: =IF(VLOOKUP($C49,Intermediate!$C$2:$R$208,14,FALSE)=P49, "", IF(P49="x","+", "-")) | AG49: =IF(VLOOKUP($C49,Intermediate!$C$2:$R$208,15,FALSE)=Q49, "", IF(Q49="x","+", "-")) | AH49: =IF(VLOOKUP($C49,Intermediate!$C$2:$R$208,16,FALSE)=R49, "", IF(R49="x","+", "-"))
A50: Advanced Parallel Programming | B50: RUG | C50: =_xlfn.CONCAT(B50, " ", A50) -> RUG Advanced Parallel Programming | G50: X | T50: =IF(VLOOKUP($C50,Intermediate!$C$2:$R$208,2,FALSE)=D50, "", IF(D50="x","+", "-")) | U50: =IF(VLOOKUP($C50,Intermediate!$C$2:$R$208,3,FALSE)=E50, "", IF(E50="x","+", "-")) | V50: =IF(VLOOKUP($C50,Intermediate!$C$2:$R$208,4,FALSE)=F50, "", IF(F50="x","+", "-")) | W50: =IF(VLOOKUP($C50,Intermediate!$C$2:$R$208,5,FALSE)=G50, "", IF(G50="x","+", "-")) | X50: =IF(VLOOKUP($C50,Intermediate!$C$2:$R$208,6,FALSE)=H50, "", IF(H50="x","+", "-")) | Y50: =IF(VLOOKUP($C50,Intermediate!$C$2:$R$208,7,FALSE)=I50, "", IF(I50="x","+", "-")) | Z50: =IF(VLOOKUP($C50,Intermediate!$C$2:$R$208,8,FALSE)=J50, "", IF(J50="x","+", "-")) | AA50: =IF(VLOOKUP($C50,Intermediate!$C$2:$R$208,9,FALSE)=K50, "", IF(K50="x","+", "-")) | AB50: =IF(VLOOKUP($C50,Intermediate!$C$2:$R$208,10,FALSE)=L50, "", IF(L50="x","+", "-")) | AC50: =IF(VLOOKUP($C50,Intermediate!$C$2:$R$208,11,FALSE)=M50, "", IF(M50="x","+", "-")) | AD50: =IF(VLOOKUP($C50,Intermediate!$C$2:$R$208,12,FALSE)=N50, "", IF(N50="x","+", "-")) | AE50: =IF(VLOOKUP($C50,Intermediate!$C$2:$R$208,13,FALSE)=O50, "", IF(O50="x","+", "-")) | AF50: =IF(VLOOKUP($C50,Intermediate!$C$2:$R$208,14,FALSE)=P50, "", IF(P50="x","+", "-")) | AG50: =IF(VLOOKUP($C50,Intermediate!$C$2:$R$208,15,FALSE)=Q50, "", IF(Q50="x","+", "-")) | AH50: =IF(VLOOKUP($C50,Intermediate!$C$2:$R$208,16,FALSE)=R50, "", IF(R50="x","+", "-"))
A51: Advanced Software Architecture | B51: RUG | C51: =_xlfn.CONCAT(B51, " ", A51) -> RUG Advanced Software Architecture | E51: X | F51: X | L51: X | T51: =IF(VLOOKUP($C51,Intermediate!$C$2:$R$208,2,FALSE)=D51, "", IF(D51="x","+", "-")) | U51: =IF(VLOOKUP($C51,Intermediate!$C$2:$R$208,3,FALSE)=E51, "", IF(E51="x","+", "-")) | V51: =IF(VLOOKUP($C51,Intermediate!$C$2:$R$208,4,FALSE)=F51, "", IF(F51="x","+", "-")) | W51: =IF(VLOOKUP($C51,Intermediate!$C$2:$R$208,5,FALSE)=G51, "", IF(G51="x","+", "-")) | X51: =IF(VLOOKUP($C51,Intermediate!$C$2:$R$208,6,FALSE)=H51, "", IF(H51="x","+", "-")) | Y51: =IF(VLOOKUP($C51,Intermediate!$C$2:$R$208,7,FALSE)=I51, "", IF(I51="x","+", "-")) | Z51: =IF(VLOOKUP($C51,Intermediate!$C$2:$R$208,8,FALSE)=J51, "", IF(J51="x","+", "-")) | AA51: =IF(VLOOKUP($C51,Intermediate!$C$2:$R$208,9,FALSE)=K51, "", IF(K51="x","+", "-")) | AB51: =IF(VLOOKUP($C51,Intermediate!$C$2:$R$208,10,FALSE)=L51, "", IF(L51="x","+", "-")) | AC51: =IF(VLOOKUP($C51,Intermediate!$C$2:$R$208,11,FALSE)=M51, "", IF(M51="x","+", "-")) | AD51: =IF(VLOOKUP($C51,Intermediate!$C$2:$R$208,12,FALSE)=N51, "", IF(N51="x","+", "-")) | AE51: =IF(VLOOKUP($C51,Intermediate!$C$2:$R$208,13,FALSE)=O51, "", IF(O51="x","+", "-")) | AF51: =IF(VLOOKUP($C51,Intermediate!$C$2:$R$208,14,FALSE)=P51, "", IF(P51="x","+", "-")) | AG51: =IF(VLOOKUP($C51,Intermediate!$C$2:$R$208,15,FALSE)=Q51, "", IF(Q51="x","+", "-")) | AH51: =IF(VLOOKUP($C51,Intermediate!$C$2:$R$208,16,FALSE)=R51, "", IF(R51="x","+", "-"))
A52: Evidence-Based Software Engineering | B52: RUG | C52: =_xlfn.CONCAT(B52, " ", A52) -> RUG Evidence-Based Software Engineering | I52: X | L52: X | M52: X | T52: =IF(VLOOKUP($C52,Intermediate!$C$2:$R$208,2,FALSE)=D52, "", IF(D52="x","+", "-")) | U52: =IF(VLOOKUP($C52,Intermediate!$C$2:$R$208,3,FALSE)=E52, "", IF(E52="x","+", "-")) | V52: =IF(VLOOKUP($C52,Intermediate!$C$2:$R$208,4,FALSE)=F52, "", IF(F52="x","+", "-")) | W52: =IF(VLOOKUP($C52,Intermediate!$C$2:$R$208,5,FALSE)=G52, "", IF(G52="x","+", "-")) | X52: =IF(VLOOKUP($C52,Intermediate!$C$2:$R$208,6,FALSE)=H52, "", IF(H52="x","+", "-")) | Y52: =IF(VLOOKUP($C52,Intermediate!$C$2:$R$208,7,FALSE)=I52, "", IF(I52="x","+", "-")) | Z52: =IF(VLOOKUP($C52,Intermediate!$C$2:$R$208,8,FALSE)=J52, "", IF(J52="x","+", "-")) | AA52: =IF(VLOOKUP($C52,Intermediate!$C$2:$R$208,9,FALSE)=K52, "", IF(K52="x","+", "-")) | AB52: =IF(VLOOKUP($C52,Intermediate!$C$2:$R$208,10,FALSE)=L52, "", IF(L52="x","+", "-")) | AC52: =IF(VLOOKUP($C52,Intermediate!$C$2:$R$208,11,FALSE)=M52, "", IF(M52="x","+", "-")) | AD52: =IF(VLOOKUP($C52,Intermediate!$C$2:$R$208,12,FALSE)=N52, "", IF(N52="x","+", "-")) | AE52: =IF(VLOOKUP($C52,Intermediate!$C$2:$R$208,13,FALSE)=O52, "", IF(O52="x","+", "-")) | AF52: =IF(VLOOKUP($C52,Intermediate!$C$2:$R$208,14,FALSE)=P52, "", IF(P52="x","+", "-")) | AG52: =IF(VLOOKUP($C52,Intermediate!$C$2:$R$208,15,FALSE)=Q52, "", IF(Q52="x","+", "-")) | AH52: =IF(VLOOKUP($C52,Intermediate!$C$2:$R$208,16,FALSE)=R52, "", IF(R52="x","+", "-"))
A53: Models and Semantics of Computation | B53: RUG | C53: =_xlfn.CONCAT(B53, " ", A53) -> RUG Models and Semantics of Computation | Q53: X | R53: X | T53: =IF(VLOOKUP($C53,Intermediate!$C$2:$R$208,2,FALSE)=D53, "", IF(D53="x","+", "-")) | U53: =IF(VLOOKUP($C53,Intermediate!$C$2:$R$208,3,FALSE)=E53, "", IF(E53="x","+", "-")) | V53: =IF(VLOOKUP($C53,Intermediate!$C$2:$R$208,4,FALSE)=F53, "", IF(F53="x","+", "-")) | W53: =IF(VLOOKUP($C53,Intermediate!$C$2:$R$208,5,FALSE)=G53, "", IF(G53="x","+", "-")) | X53: =IF(VLOOKUP($C53,Intermediate!$C$2:$R$208,6,FALSE)=H53, "", IF(H53="x","+", "-")) | Y53: =IF(VLOOKUP($C53,Intermediate!$C$2:$R$208,7,FALSE)=I53, "", IF(I53="x","+", "-")) | Z53: =IF(VLOOKUP($C53,Intermediate!$C$2:$R$208,8,FALSE)=J53, "", IF(J53="x","+", "-")) | AA53: =IF(VLOOKUP($C53,Intermediate!$C$2:$R$208,9,FALSE)=K53, "", IF(K53="x","+", "-")) | AB53: =IF(VLOOKUP($C53,Intermediate!$C$2:$R$208,10,FALSE)=L53, "", IF(L53="x","+", "-")) | AC53: =IF(VLOOKUP($C53,Intermediate!$C$2:$R$208,11,FALSE)=M53, "", IF(M53="x","+", "-")) | AD53: =IF(VLOOKUP($C53,Intermediate!$C$2:$R$208,12,FALSE)=N53, "", IF(N53="x","+", "-")) | AE53: =IF(VLOOKUP($C53,Intermediate!$C$2:$R$208,13,FALSE)=O53, "", IF(O53="x","+", "-")) | AF53: =IF(VLOOKUP($C53,Intermediate!$C$2:$R$208,14,FALSE)=P53, "", IF(P53="x","+", "-")) | AG53: =IF(VLOOKUP($C53,Intermediate!$C$2:$R$208,15,FALSE)=Q53, "", IF(Q53="x","+", "-")) | AH53: =IF(VLOOKUP($C53,Intermediate!$C$2:$R$208,16,FALSE)=R53, "", IF(R53="x","+", "-"))
A54: Software Analytics | B54: RUG | C54: =_xlfn.CONCAT(B54, " ", A54) -> RUG Software Analytics | J54: X | L54: X | M54: X | T54: =IF(VLOOKUP($C54,Intermediate!$C$2:$R$208,2,FALSE)=D54, "", IF(D54="x","+", "-")) | U54: =IF(VLOOKUP($C54,Intermediate!$C$2:$R$208,3,FALSE)=E54, "", IF(E54="x","+", "-")) | V54: =IF(VLOOKUP($C54,Intermediate!$C$2:$R$208,4,FALSE)=F54, "", IF(F54="x","+", "-")) | W54: =IF(VLOOKUP($C54,Intermediate!$C$2:$R$208,5,FALSE)=G54, "", IF(G54="x","+", "-")) | X54: =IF(VLOOKUP($C54,Intermediate!$C$2:$R$208,6,FALSE)=H54, "", IF(H54="x","+", "-")) | Y54: =IF(VLOOKUP($C54,Intermediate!$C$2:$R$208,7,FALSE)=I54, "", IF(I54="x","+", "-")) | Z54: =IF(VLOOKUP($C54,Intermediate!$C$2:$R$208,8,FALSE)=J54, "", IF(J54="x","+", "-")) | AA54: =IF(VLOOKUP($C54,Intermediate!$C$2:$R$208,9,FALSE)=K54, "", IF(K54="x","+", "-")) | AB54: =IF(VLOOKUP($C54,Intermediate!$C$2:$R$208,10,FALSE)=L54, "", IF(L54="x","+", "-")) | AC54: =IF(VLOOKUP($C54,Intermediate!$C$2:$R$208,11,FALSE)=M54, "", IF(M54="x","+", "-")) | AD54: =IF(VLOOKUP($C54,Intermediate!$C$2:$R$208,12,FALSE)=N54, "", IF(N54="x","+", "-")) | AE54: =IF(VLOOKUP($C54,Intermediate!$C$2:$R$208,13,FALSE)=O54, "", IF(O54="x","+", "-")) | AF54: =IF(VLOOKUP($C54,Intermediate!$C$2:$R$208,14,FALSE)=P54, "", IF(P54="x","+", "-")) | AG54: =IF(VLOOKUP($C54,Intermediate!$C$2:$R$208,15,FALSE)=Q54, "", IF(Q54="x","+", "-")) | AH54: =IF(VLOOKUP($C54,Intermediate!$C$2:$R$208,16,FALSE)=R54, "", IF(R54="x","+", "-"))
A55: Software Architecture | B55: RUG | C55: =_xlfn.CONCAT(B55, " ", A55) -> RUG Software Architecture | E55: X | F55: X | J55: X | N55: X | T55: =IF(VLOOKUP($C55,Intermediate!$C$2:$R$208,2,FALSE)=D55, "", IF(D55="x","+", "-")) | U55: =IF(VLOOKUP($C55,Intermediate!$C$2:$R$208,3,FALSE)=E55, "", IF(E55="x","+", "-")) | V55: =IF(VLOOKUP($C55,Intermediate!$C$2:$R$208,4,FALSE)=F55, "", IF(F55="x","+", "-")) | W55: =IF(VLOOKUP($C55,Intermediate!$C$2:$R$208,5,FALSE)=G55, "", IF(G55="x","+", "-")) | X55: =IF(VLOOKUP($C55,Intermediate!$C$2:$R$208,6,FALSE)=H55, "", IF(H55="x","+", "-")) | Y55: =IF(VLOOKUP($C55,Intermediate!$C$2:$R$208,7,FALSE)=I55, "", IF(I55="x","+", "-")) | Z55: =IF(VLOOKUP($C55,Intermediate!$C$2:$R$208,8,FALSE)=J55, "", IF(J55="x","+", "-")) | AA55: =IF(VLOOKUP($C55,Intermediate!$C$2:$R$208,9,FALSE)=K55, "", IF(K55="x","+", "-")) | AB55: =IF(VLOOKUP($C55,Intermediate!$C$2:$R$208,10,FALSE)=L55, "", IF(L55="x","+", "-")) | AC55: =IF(VLOOKUP($C55,Intermediate!$C$2:$R$208,11,FALSE)=M55, "", IF(M55="x","+", "-")) | AD55: =IF(VLOOKUP($C55,Intermediate!$C$2:$R$208,12,FALSE)=N55, "", IF(N55="x","+", "-")) | AE55: =IF(VLOOKUP($C55,Intermediate!$C$2:$R$208,13,FALSE)=O55, "", IF(O55="x","+", "-")) | AF55: =IF(VLOOKUP($C55,Intermediate!$C$2:$R$208,14,FALSE)=P55, "", IF(P55="x","+", "-")) | AG55: =IF(VLOOKUP($C55,Intermediate!$C$2:$R$208,15,FALSE)=Q55, "", IF(Q55="x","+", "-")) | AH55: =IF(VLOOKUP($C55,Intermediate!$C$2:$R$208,16,FALSE)=R55, "", IF(R55="x","+", "-"))
A56: Software Maintenance and Evolution | B56: RUG | C56: =_xlfn.CONCAT(B56, " ", A56) -> RUG Software Maintenance and Evolution | F56: X | J56: X | K56: X | L56: X | M56: X | T56: =IF(VLOOKUP($C56,Intermediate!$C$2:$R$208,2,FALSE)=D56, "", IF(D56="x","+", "-")) | U56: =IF(VLOOKUP($C56,Intermediate!$C$2:$R$208,3,FALSE)=E56, "", IF(E56="x","+", "-")) | V56: =IF(VLOOKUP($C56,Intermediate!$C$2:$R$208,4,FALSE)=F56, "", IF(F56="x","+", "-")) | W56: =IF(VLOOKUP($C56,Intermediate!$C$2:$R$208,5,FALSE)=G56, "", IF(G56="x","+", "-")) | X56: =IF(VLOOKUP($C56,Intermediate!$C$2:$R$208,6,FALSE)=H56, "", IF(H56="x","+", "-")) | Y56: =IF(VLOOKUP($C56,Intermediate!$C$2:$R$208,7,FALSE)=I56, "", IF(I56="x","+", "-")) | Z56: =IF(VLOOKUP($C56,Intermediate!$C$2:$R$208,8,FALSE)=J56, "", IF(J56="x","+", "-")) | AA56: =IF(VLOOKUP($C56,Intermediate!$C$2:$R$208,9,FALSE)=K56, "", IF(K56="x","+", "-")) | AB56: =IF(VLOOKUP($C56,Intermediate!$C$2:$R$208,10,FALSE)=L56, "", IF(L56="x","+", "-")) | AC56: =IF(VLOOKUP($C56,Intermediate!$C$2:$R$208,11,FALSE)=M56, "", IF(M56="x","+", "-")) | AD56: =IF(VLOOKUP($C56,Intermediate!$C$2:$R$208,12,FALSE)=N56, "", IF(N56="x","+", "-")) | AE56: =IF(VLOOKUP($C56,Intermediate!$C$2:$R$208,13,FALSE)=O56, "", IF(O56="x","+", "-")) | AF56: =IF(VLOOKUP($C56,Intermediate!$C$2:$R$208,14,FALSE)=P56, "", IF(P56="x","+", "-")) | AG56: =IF(VLOOKUP($C56,Intermediate!$C$2:$R$208,15,FALSE)=Q56, "", IF(Q56="x","+", "-")) | AH56: =IF(VLOOKUP($C56,Intermediate!$C$2:$R$208,16,FALSE)=R56, "", IF(R56="x","+", "-"))
A57: Web and Cloud Computing | B57: RUG | C57: =_xlfn.CONCAT(B57, " ", A57) -> RUG Web and Cloud Computing | E57: X | G57: X | T57: =IF(VLOOKUP($C57,Intermediate!$C$2:$R$208,2,FALSE)=D57, "", IF(D57="x","+", "-")) | U57: =IF(VLOOKUP($C57,Intermediate!$C$2:$R$208,3,FALSE)=E57, "", IF(E57="x","+", "-")) | V57: =IF(VLOOKUP($C57,Intermediate!$C$2:$R$208,4,FALSE)=F57, "", IF(F57="x","+", "-")) | W57: =IF(VLOOKUP($C57,Intermediate!$C$2:$R$208,5,FALSE)=G57, "", IF(G57="x","+", "-")) | X57: =IF(VLOOKUP($C57,Intermediate!$C$2:$R$208,6,FALSE)=H57, "", IF(H57="x","+", "-")) | Y57: =IF(VLOOKUP($C57,Intermediate!$C$2:$R$208,7,FALSE)=I57, "", IF(I57="x","+", "-")) | Z57: =IF(VLOOKUP($C57,Intermediate!$C$2:$R$208,8,FALSE)=J57, "", IF(J57="x","+", "-")) | AA57: =IF(VLOOKUP($C57,Intermediate!$C$2:$R$208,9,FALSE)=K57, "", IF(K57="x","+", "-")) | AB57: =IF(VLOOKUP($C57,Intermediate!$C$2:$R$208,10,FALSE)=L57, "", IF(L57="x","+", "-")) | AC57: =IF(VLOOKUP($C57,Intermediate!$C$2:$R$208,11,FALSE)=M57, "", IF(M57="x","+", "-")) | AD57: =IF(VLOOKUP($C57,Intermediate!$C$2:$R$208,12,FALSE)=N57, "", IF(N57="x","+", "-")) | AE57: =IF(VLOOKUP($C57,Intermediate!$C$2:$R$208,13,FALSE)=O57, "", IF(O57="x","+", "-")) | AF57: =IF(VLOOKUP($C57,Intermediate!$C$2:$R$208,14,FALSE)=P57, "", IF(P57="x","+", "-")) | AG57: =IF(VLOOKUP($C57,Intermediate!$C$2:$R$208,15,FALSE)=Q57, "", IF(Q57="x","+", "-")) | AH57: =IF(VLOOKUP($C57,Intermediate!$C$2:$R$208,16,FALSE)=R57, "", IF(R57="x","+", "-"))
A58: Advanced Software Engineering | B58: TU/e | C58: =_xlfn.CONCAT(B58, " ", A58) -> TU/e Advanced Software Engineering | D58: X | E58: X | F58: X | I58: X | N58: X | T58: =IF(VLOOKUP($C58,Intermediate!$C$2:$R$208,2,FALSE)=D58, "", IF(D58="x","+", "-")) | U58: =IF(VLOOKUP($C58,Intermediate!$C$2:$R$208,3,FALSE)=E58, "", IF(E58="x","+", "-")) | V58: =IF(VLOOKUP($C58,Intermediate!$C$2:$R$208,4,FALSE)=F58, "", IF(F58="x","+", "-")) | W58: =IF(VLOOKUP($C58,Intermediate!$C$2:$R$208,5,FALSE)=G58, "", IF(G58="x","+", "-")) | X58: =IF(VLOOKUP($C58,Intermediate!$C$2:$R$208,6,FALSE)=H58, "", IF(H58="x","+", "-")) | Y58: =IF(VLOOKUP($C58,Intermediate!$C$2:$R$208,7,FALSE)=I58, "", IF(I58="x","+", "-")) | Z58: =IF(VLOOKUP($C58,Intermediate!$C$2:$R$208,8,FALSE)=J58, "", IF(J58="x","+", "-")) | AA58: =IF(VLOOKUP($C58,Intermediate!$C$2:$R$208,9,FALSE)=K58, "", IF(K58="x","+", "-")) | AB58: =IF(VLOOKUP($C58,Intermediate!$C$2:$R$208,10,FALSE)=L58, "", IF(L58="x","+", "-")) | AC58: =IF(VLOOKUP($C58,Intermediate!$C$2:$R$208,11,FALSE)=M58, "", IF(M58="x","+", "-")) | AD58: =IF(VLOOKUP($C58,Intermediate!$C$2:$R$208,12,FALSE)=N58, "", IF(N58="x","+", "-")) | AE58: =IF(VLOOKUP($C58,Intermediate!$C$2:$R$208,13,FALSE)=O58, "", IF(O58="x","+", "-")) | AF58: =IF(VLOOKUP($C58,Intermediate!$C$2:$R$208,14,FALSE)=P58, "", IF(P58="x","+", "-")) | AG58: =IF(VLOOKUP($C58,Intermediate!$C$2:$R$208,15,FALSE)=Q58, "", IF(Q58="x","+", "-")) | AH58: =IF(VLOOKUP($C58,Intermediate!$C$2:$R$208,16,FALSE)=R58, "", IF(R58="x","+", "-"))
A59: CBL Autonomous Systems Twinning | B59: TU/e | C59: =_xlfn.CONCAT(B59, " ", A59) -> TU/e CBL Autonomous Systems Twinning | T59: =IF(VLOOKUP($C59,Intermediate!$C$2:$R$208,2,FALSE)=D59, "", IF(D59="x","+", "-")) | U59: =IF(VLOOKUP($C59,Intermediate!$C$2:$R$208,3,FALSE)=E59, "", IF(E59="x","+", "-")) | V59: =IF(VLOOKUP($C59,Intermediate!$C$2:$R$208,4,FALSE)=F59, "", IF(F59="x","+", "-")) | W59: =IF(VLOOKUP($C59,Intermediate!$C$2:$R$208,5,FALSE)=G59, "", IF(G59="x","+", "-")) | X59: =IF(VLOOKUP($C59,Intermediate!$C$2:$R$208,6,FALSE)=H59, "", IF(H59="x","+", "-")) | Y59: =IF(VLOOKUP($C59,Intermediate!$C$2:$R$208,7,FALSE)=I59, "", IF(I59="x","+", "-")) | Z59: =IF(VLOOKUP($C59,Intermediate!$C$2:$R$208,8,FALSE)=J59, "", IF(J59="x","+", "-")) | AA59: =IF(VLOOKUP($C59,Intermediate!$C$2:$R$208,9,FALSE)=K59, "", IF(K59="x","+", "-")) | AB59: =IF(VLOOKUP($C59,Intermediate!$C$2:$R$208,10,FALSE)=L59, "", IF(L59="x","+", "-")) | AC59: =IF(VLOOKUP($C59,Intermediate!$C$2:$R$208,11,FALSE)=M59, "", IF(M59="x","+", "-")) | AD59: =IF(VLOOKUP($C59,Intermediate!$C$2:$R$208,12,FALSE)=N59, "", IF(N59="x","+", "-")) | AE59: =IF(VLOOKUP($C59,Intermediate!$C$2:$R$208,13,FALSE)=O59, "", IF(O59="x","+", "-")) | AF59: =IF(VLOOKUP($C59,Intermediate!$C$2:$R$208,14,FALSE)=P59, "", IF(P59="x","+", "-")) | AG59: =IF(VLOOKUP($C59,Intermediate!$C$2:$R$208,15,FALSE)=Q59, "", IF(Q59="x","+", "-")) | AH59: =IF(VLOOKUP($C59,Intermediate!$C$2:$R$208,16,FALSE)=R59, "", IF(R59="x","+", "-"))
A60: Functional Programming | B60: TU/e | C60: =_xlfn.CONCAT(B60, " ", A60) -> TU/e Functional Programming | G60: X | T60: =IF(VLOOKUP($C60,Intermediate!$C$2:$R$208,2,FALSE)=D60, "", IF(D60="x","+", "-")) | U60: =IF(VLOOKUP($C60,Intermediate!$C$2:$R$208,3,FALSE)=E60, "", IF(E60="x","+", "-")) | V60: =IF(VLOOKUP($C60,Intermediate!$C$2:$R$208,4,FALSE)=F60, "", IF(F60="x","+", "-")) | W60: =IF(VLOOKUP($C60,Intermediate!$C$2:$R$208,5,FALSE)=G60, "", IF(G60="x","+", "-")) | X60: =IF(VLOOKUP($C60,Intermediate!$C$2:$R$208,6,FALSE)=H60, "", IF(H60="x","+", "-")) | Y60: =IF(VLOOKUP($C60,Intermediate!$C$2:$R$208,7,FALSE)=I60, "", IF(I60="x","+", "-")) | Z60: =IF(VLOOKUP($C60,Intermediate!$C$2:$R$208,8,FALSE)=J60, "", IF(J60="x","+", "-")) | AA60: =IF(VLOOKUP($C60,Intermediate!$C$2:$R$208,9,FALSE)=K60, "", IF(K60="x","+", "-")) | AB60: =IF(VLOOKUP($C60,Intermediate!$C$2:$R$208,10,FALSE)=L60, "", IF(L60="x","+", "-")) | AC60: =IF(VLOOKUP($C60,Intermediate!$C$2:$R$208,11,FALSE)=M60, "", IF(M60="x","+", "-")) | AD60: =IF(VLOOKUP($C60,Intermediate!$C$2:$R$208,12,FALSE)=N60, "", IF(N60="x","+", "-")) | AE60: =IF(VLOOKUP($C60,Intermediate!$C$2:$R$208,13,FALSE)=O60, "", IF(O60="x","+", "-")) | AF60: =IF(VLOOKUP($C60,Intermediate!$C$2:$R$208,14,FALSE)=P60, "", IF(P60="x","+", "-")) | AG60: =IF(VLOOKUP($C60,Intermediate!$C$2:$R$208,15,FALSE)=Q60, "", IF(Q60="x","+", "-")) | AH60: =IF(VLOOKUP($C60,Intermediate!$C$2:$R$208,16,FALSE)=R60, "", IF(R60="x","+", "-"))
A61: Programming | B61: TU/e | C61: =_xlfn.CONCAT(B61, " ", A61) -> TU/e Programming | G61: X | T61: =IF(VLOOKUP($C61,Intermediate!$C$2:$R$208,2,FALSE)=D61, "", IF(D61="x","+", "-")) | U61: =IF(VLOOKUP($C61,Intermediate!$C$2:$R$208,3,FALSE)=E61, "", IF(E61="x","+", "-")) | V61: =IF(VLOOKUP($C61,Intermediate!$C$2:$R$208,4,FALSE)=F61, "", IF(F61="x","+", "-")) | W61: =IF(VLOOKUP($C61,Intermediate!$C$2:$R$208,5,FALSE)=G61, "", IF(G61="x","+", "-")) | X61: =IF(VLOOKUP($C61,Intermediate!$C$2:$R$208,6,FALSE)=H61, "", IF(H61="x","+", "-")) | Y61: =IF(VLOOKUP($C61,Intermediate!$C$2:$R$208,7,FALSE)=I61, "", IF(I61="x","+", "-")) | Z61: =IF(VLOOKUP($C61,Intermediate!$C$2:$R$208,8,FALSE)=J61, "", IF(J61="x","+", "-")) | AA61: =IF(VLOOKUP($C61,Intermediate!$C$2:$R$208,9,FALSE)=K61, "", IF(K61="x","+", "-")) | AB61: =IF(VLOOKUP($C61,Intermediate!$C$2:$R$208,10,FALSE)=L61, "", IF(L61="x","+", "-")) | AC61: =IF(VLOOKUP($C61,Intermediate!$C$2:$R$208,11,FALSE)=M61, "", IF(M61="x","+", "-")) | AD61: =IF(VLOOKUP($C61,Intermediate!$C$2:$R$208,12,FALSE)=N61, "", IF(N61="x","+", "-")) | AE61: =IF(VLOOKUP($C61,Intermediate!$C$2:$R$208,13,FALSE)=O61, "", IF(O61="x","+", "-")) | AF61: =IF(VLOOKUP($C61,Intermediate!$C$2:$R$208,14,FALSE)=P61, "", IF(P61="x","+", "-")) | AG61: =IF(VLOOKUP($C61,Intermediate!$C$2:$R$208,15,FALSE)=Q61, "", IF(Q61="x","+", "-")) | AH61: =IF(VLOOKUP($C61,Intermediate!$C$2:$R$208,16,FALSE)=R61, "", IF(R61="x","+", "-"))
A62: Provable Programming | B62: TU/e | C62: =_xlfn.CONCAT(B62, " ", A62) -> TU/e Provable Programming | Q62: X | T62: =IF(VLOOKUP($C62,Intermediate!$C$2:$R$208,2,FALSE)=D62, "", IF(D62="x","+", "-")) | U62: =IF(VLOOKUP($C62,Intermediate!$C$2:$R$208,3,FALSE)=E62, "", IF(E62="x","+", "-")) | V62: =IF(VLOOKUP($C62,Intermediate!$C$2:$R$208,4,FALSE)=F62, "", IF(F62="x","+", "-")) | W62: =IF(VLOOKUP($C62,Intermediate!$C$2:$R$208,5,FALSE)=G62, "", IF(G62="x","+", "-")) | X62: =IF(VLOOKUP($C62,Intermediate!$C$2:$R$208,6,FALSE)=H62, "", IF(H62="x","+", "-")) | Y62: =IF(VLOOKUP($C62,Intermediate!$C$2:$R$208,7,FALSE)=I62, "", IF(I62="x","+", "-")) | Z62: =IF(VLOOKUP($C62,Intermediate!$C$2:$R$208,8,FALSE)=J62, "", IF(J62="x","+", "-")) | AA62: =IF(VLOOKUP($C62,Intermediate!$C$2:$R$208,9,FALSE)=K62, "", IF(K62="x","+", "-")) | AB62: =IF(VLOOKUP($C62,Intermediate!$C$2:$R$208,10,FALSE)=L62, "", IF(L62="x","+", "-")) | AC62: =IF(VLOOKUP($C62,Intermediate!$C$2:$R$208,11,FALSE)=M62, "", IF(M62="x","+", "-")) | AD62: =IF(VLOOKUP($C62,Intermediate!$C$2:$R$208,12,FALSE)=N62, "", IF(N62="x","+", "-")) | AE62: =IF(VLOOKUP($C62,Intermediate!$C$2:$R$208,13,FALSE)=O62, "", IF(O62="x","+", "-")) | AF62: =IF(VLOOKUP($C62,Intermediate!$C$2:$R$208,14,FALSE)=P62, "", IF(P62="x","+", "-")) | AG62: =IF(VLOOKUP($C62,Intermediate!$C$2:$R$208,15,FALSE)=Q62, "", IF(Q62="x","+", "-")) | AH62: =IF(VLOOKUP($C62,Intermediate!$C$2:$R$208,16,FALSE)=R62, "", IF(R62="x","+", "-"))
A63: Software Design | B63: TU/e | C63: =_xlfn.CONCAT(B63, " ", A63) -> TU/e Software Design | D63: X | F63: X | T63: =IF(VLOOKUP($C63,Intermediate!$C$2:$R$208,2,FALSE)=D63, "", IF(D63="x","+", "-")) | U63: =IF(VLOOKUP($C63,Intermediate!$C$2:$R$208,3,FALSE)=E63, "", IF(E63="x","+", "-")) | V63: =IF(VLOOKUP($C63,Intermediate!$C$2:$R$208,4,FALSE)=F63, "", IF(F63="x","+", "-")) | W63: =IF(VLOOKUP($C63,Intermediate!$C$2:$R$208,5,FALSE)=G63, "", IF(G63="x","+", "-")) | X63: =IF(VLOOKUP($C63,Intermediate!$C$2:$R$208,6,FALSE)=H63, "", IF(H63="x","+", "-")) | Y63: =IF(VLOOKUP($C63,Intermediate!$C$2:$R$208,7,FALSE)=I63, "", IF(I63="x","+", "-")) | Z63: =IF(VLOOKUP($C63,Intermediate!$C$2:$R$208,8,FALSE)=J63, "", IF(J63="x","+", "-")) | AA63: =IF(VLOOKUP($C63,Intermediate!$C$2:$R$208,9,FALSE)=K63, "", IF(K63="x","+", "-")) | AB63: =IF(VLOOKUP($C63,Intermediate!$C$2:$R$208,10,FALSE)=L63, "", IF(L63="x","+", "-")) | AC63: =IF(VLOOKUP($C63,Intermediate!$C$2:$R$208,11,FALSE)=M63, "", IF(M63="x","+", "-")) | AD63: =IF(VLOOKUP($C63,Intermediate!$C$2:$R$208,12,FALSE)=N63, "", IF(N63="x","+", "-")) | AE63: =IF(VLOOKUP($C63,Intermediate!$C$2:$R$208,13,FALSE)=O63, "", IF(O63="x","+", "-")) | AF63: =IF(VLOOKUP($C63,Intermediate!$C$2:$R$208,14,FALSE)=P63, "", IF(P63="x","+", "-")) | AG63: =IF(VLOOKUP($C63,Intermediate!$C$2:$R$208,15,FALSE)=Q63, "", IF(Q63="x","+", "-")) | AH63: =IF(VLOOKUP($C63,Intermediate!$C$2:$R$208,16,FALSE)=R63, "", IF(R63="x","+", "-"))
A64: Software development for Engineers | B64: TU/e | C64: =_xlfn.CONCAT(B64, " ", A64) -> TU/e Software development for Engineers | G64: X | K64: X | T64: =IF(VLOOKUP($C64,Intermediate!$C$2:$R$208,2,FALSE)=D64, "", IF(D64="x","+", "-")) | U64: =IF(VLOOKUP($C64,Intermediate!$C$2:$R$208,3,FALSE)=E64, "", IF(E64="x","+", "-")) | V64: =IF(VLOOKUP($C64,Intermediate!$C$2:$R$208,4,FALSE)=F64, "", IF(F64="x","+", "-")) | W64: =IF(VLOOKUP($C64,Intermediate!$C$2:$R$208,5,FALSE)=G64, "", IF(G64="x","+", "-")) | X64: =IF(VLOOKUP($C64,Intermediate!$C$2:$R$208,6,FALSE)=H64, "", IF(H64="x","+", "-")) | Y64: =IF(VLOOKUP($C64,Intermediate!$C$2:$R$208,7,FALSE)=I64, "", IF(I64="x","+", "-")) | Z64: =IF(VLOOKUP($C64,Intermediate!$C$2:$R$208,8,FALSE)=J64, "", IF(J64="x","+", "-")) | AA64: =IF(VLOOKUP($C64,Intermediate!$C$2:$R$208,9,FALSE)=K64, "", IF(K64="x","+", "-")) | AB64: =IF(VLOOKUP($C64,Intermediate!$C$2:$R$208,10,FALSE)=L64, "", IF(L64="x","+", "-")) | AC64: =IF(VLOOKUP($C64,Intermediate!$C$2:$R$208,11,FALSE)=M64, "", IF(M64="x","+", "-")) | AD64: =IF(VLOOKUP($C64,Intermediate!$C$2:$R$208,12,FALSE)=N64, "", IF(N64="x","+", "-")) | AE64: =IF(VLOOKUP($C64,Intermediate!$C$2:$R$208,13,FALSE)=O64, "", IF(O64="x","+", "-")) | AF64: =IF(VLOOKUP($C64,Intermediate!$C$2:$R$208,14,FALSE)=P64, "", IF(P64="x","+", "-")) | AG64: =IF(VLOOKUP($C64,Intermediate!$C$2:$R$208,15,FALSE)=Q64, "", IF(Q64="x","+", "-")) | AH64: =IF(VLOOKUP($C64,Intermediate!$C$2:$R$208,16,FALSE)=R64, "", IF(R64="x","+", "-"))
A65: Software Engineering Project | B65: TU/e | C65: =_xlfn.CONCAT(B65, " ", A65) -> TU/e Software Engineering Project | T65: =IF(VLOOKUP($C65,Intermediate!$C$2:$R$208,2,FALSE)=D65, "", IF(D65="x","+", "-")) | U65: =IF(VLOOKUP($C65,Intermediate!$C$2:$R$208,3,FALSE)=E65, "", IF(E65="x","+", "-")) | V65: =IF(VLOOKUP($C65,Intermediate!$C$2:$R$208,4,FALSE)=F65, "", IF(F65="x","+", "-")) | W65: =IF(VLOOKUP($C65,Intermediate!$C$2:$R$208,5,FALSE)=G65, "", IF(G65="x","+", "-")) | X65: =IF(VLOOKUP($C65,Intermediate!$C$2:$R$208,6,FALSE)=H65, "", IF(H65="x","+", "-")) | Y65: =IF(VLOOKUP($C65,Intermediate!$C$2:$R$208,7,FALSE)=I65, "", IF(I65="x","+", "-")) | Z65: =IF(VLOOKUP($C65,Intermediate!$C$2:$R$208,8,FALSE)=J65, "", IF(J65="x","+", "-")) | AA65: =IF(VLOOKUP($C65,Intermediate!$C$2:$R$208,9,FALSE)=K65, "", IF(K65="x","+", "-")) | AB65: =IF(VLOOKUP($C65,Intermediate!$C$2:$R$208,10,FALSE)=L65, "", IF(L65="x","+", "-")) | AC65: =IF(VLOOKUP($C65,Intermediate!$C$2:$R$208,11,FALSE)=M65, "", IF(M65="x","+", "-")) | AD65: =IF(VLOOKUP($C65,Intermediate!$C$2:$R$208,12,FALSE)=N65, "", IF(N65="x","+", "-")) | AE65: =IF(VLOOKUP($C65,Intermediate!$C$2:$R$208,13,FALSE)=O65, "", IF(O65="x","+", "-")) | AF65: =IF(VLOOKUP($C65,Intermediate!$C$2:$R$208,14,FALSE)=P65, "", IF(P65="x","+", "-")) | AG65: =IF(VLOOKUP($C65,Intermediate!$C$2:$R$208,15,FALSE)=Q65, "", IF(Q65="x","+", "-")) | AH65: =IF(VLOOKUP($C65,Intermediate!$C$2:$R$208,16,FALSE)=R65, "", IF(R65="x","+", "-"))
A66: Software Specification | B66: TU/e | C66: =_xlfn.CONCAT(B66, " ", A66) -> TU/e Software Specification | D66: X | H66: X | N66: X | Q66: X | T66: =IF(VLOOKUP($C66,Intermediate!$C$2:$R$208,2,FALSE)=D66, "", IF(D66="x","+", "-")) | U66: =IF(VLOOKUP($C66,Intermediate!$C$2:$R$208,3,FALSE)=E66, "", IF(E66="x","+", "-")) | V66: =IF(VLOOKUP($C66,Intermediate!$C$2:$R$208,4,FALSE)=F66, "", IF(F66="x","+", "-")) | W66: =IF(VLOOKUP($C66,Intermediate!$C$2:$R$208,5,FALSE)=G66, "", IF(G66="x","+", "-")) | X66: =IF(VLOOKUP($C66,Intermediate!$C$2:$R$208,6,FALSE)=H66, "", IF(H66="x","+", "-")) | Y66: =IF(VLOOKUP($C66,Intermediate!$C$2:$R$208,7,FALSE)=I66, "", IF(I66="x","+", "-")) | Z66: =IF(VLOOKUP($C66,Intermediate!$C$2:$R$208,8,FALSE)=J66, "", IF(J66="x","+", "-")) | AA66: =IF(VLOOKUP($C66,Intermediate!$C$2:$R$208,9,FALSE)=K66, "", IF(K66="x","+", "-")) | AB66: =IF(VLOOKUP($C66,Intermediate!$C$2:$R$208,10,FALSE)=L66, "", IF(L66="x","+", "-")) | AC66: =IF(VLOOKUP($C66,Intermediate!$C$2:$R$208,11,FALSE)=M66, "", IF(M66="x","+", "-")) | AD66: =IF(VLOOKUP($C66,Intermediate!$C$2:$R$208,12,FALSE)=N66, "", IF(N66="x","+", "-")) | AE66: =IF(VLOOKUP($C66,Intermediate!$C$2:$R$208,13,FALSE)=O66, "", IF(O66="x","+", "-")) | AF66: =IF(VLOOKUP($C66,Intermediate!$C$2:$R$208,14,FALSE)=P66, "", IF(P66="x","+", "-")) | AG66: =IF(VLOOKUP($C66,Intermediate!$C$2:$R$208,15,FALSE)=Q66, "", IF(Q66="x","+", "-")) | AH66: =IF(VLOOKUP($C66,Intermediate!$C$2:$R$208,16,FALSE)=R66, "", IF(R66="x","+", "-"))
A67: Domain specific language design | B67: TU/e | C67: =_xlfn.CONCAT(B67, " ", A67) -> TU/e Domain specific language design | N67: X | R67: X | T67: =IF(VLOOKUP($C67,Intermediate!$C$2:$R$208,2,FALSE)=D67, "", IF(D67="x","+", "-")) | U67: =IF(VLOOKUP($C67,Intermediate!$C$2:$R$208,3,FALSE)=E67, "", IF(E67="x","+", "-")) | V67: =IF(VLOOKUP($C67,Intermediate!$C$2:$R$208,4,FALSE)=F67, "", IF(F67="x","+", "-")) | W67: =IF(VLOOKUP($C67,Intermediate!$C$2:$R$208,5,FALSE)=G67, "", IF(G67="x","+", "-")) | X67: =IF(VLOOKUP($C67,Intermediate!$C$2:$R$208,6,FALSE)=H67, "", IF(H67="x","+", "-")) | Y67: =IF(VLOOKUP($C67,Intermediate!$C$2:$R$208,7,FALSE)=I67, "", IF(I67="x","+", "-")) | Z67: =IF(VLOOKUP($C67,Intermediate!$C$2:$R$208,8,FALSE)=J67, "", IF(J67="x","+", "-")) | AA67: =IF(VLOOKUP($C67,Intermediate!$C$2:$R$208,9,FALSE)=K67, "", IF(K67="x","+", "-")) | AB67: =IF(VLOOKUP($C67,Intermediate!$C$2:$R$208,10,FALSE)=L67, "", IF(L67="x","+", "-")) | AC67: =IF(VLOOKUP($C67,Intermediate!$C$2:$R$208,11,FALSE)=M67, "", IF(M67="x","+", "-")) | AD67: =IF(VLOOKUP($C67,Intermediate!$C$2:$R$208,12,FALSE)=N67, "", IF(N67="x","+", "-")) | AE67: =IF(VLOOKUP($C67,Intermediate!$C$2:$R$208,13,FALSE)=O67, "", IF(O67="x","+", "-")) | AF67: =IF(VLOOKUP($C67,Intermediate!$C$2:$R$208,14,FALSE)=P67, "", IF(P67="x","+", "-")) | AG67: =IF(VLOOKUP($C67,Intermediate!$C$2:$R$208,15,FALSE)=Q67, "", IF(Q67="x","+", "-")) | AH67: =IF(VLOOKUP($C67,Intermediate!$C$2:$R$208,16,FALSE)=R67, "", IF(R67="x","+", "-"))
A68: Empirical Methods in Software Engineering | B68: TU/e | C68: =_xlfn.CONCAT(B68, " ", A68) -> TU/e Empirical Methods in Software Engineering | J68: X | T68: =IF(VLOOKUP($C68,Intermediate!$C$2:$R$208,2,FALSE)=D68, "", IF(D68="x","+", "-")) | U68: =IF(VLOOKUP($C68,Intermediate!$C$2:$R$208,3,FALSE)=E68, "", IF(E68="x","+", "-")) | V68: =IF(VLOOKUP($C68,Intermediate!$C$2:$R$208,4,FALSE)=F68, "", IF(F68="x","+", "-")) | W68: =IF(VLOOKUP($C68,Intermediate!$C$2:$R$208,5,FALSE)=G68, "", IF(G68="x","+", "-")) | X68: =IF(VLOOKUP($C68,Intermediate!$C$2:$R$208,6,FALSE)=H68, "", IF(H68="x","+", "-")) | Y68: =IF(VLOOKUP($C68,Intermediate!$C$2:$R$208,7,FALSE)=I68, "", IF(I68="x","+", "-")) | Z68: =IF(VLOOKUP($C68,Intermediate!$C$2:$R$208,8,FALSE)=J68, "", IF(J68="x","+", "-")) | AA68: =IF(VLOOKUP($C68,Intermediate!$C$2:$R$208,9,FALSE)=K68, "", IF(K68="x","+", "-")) | AB68: =IF(VLOOKUP($C68,Intermediate!$C$2:$R$208,10,FALSE)=L68, "", IF(L68="x","+", "-")) | AC68: =IF(VLOOKUP($C68,Intermediate!$C$2:$R$208,11,FALSE)=M68, "", IF(M68="x","+", "-")) | AD68: =IF(VLOOKUP($C68,Intermediate!$C$2:$R$208,12,FALSE)=N68, "", IF(N68="x","+", "-")) | AE68: =IF(VLOOKUP($C68,Intermediate!$C$2:$R$208,13,FALSE)=O68, "", IF(O68="x","+", "-")) | AF68: =IF(VLOOKUP($C68,Intermediate!$C$2:$R$208,14,FALSE)=P68, "", IF(P68="x","+", "-")) | AG68: =IF(VLOOKUP($C68,Intermediate!$C$2:$R$208,15,FALSE)=Q68, "", IF(Q68="x","+", "-")) | AH68: =IF(VLOOKUP($C68,Intermediate!$C$2:$R$208,16,FALSE)=R68, "", IF(R68="x","+", "-"))
A69: Program Verification Techniques | B69: TU/e | C69: =_xlfn.CONCAT(B69, " ", A69) -> TU/e Program Verification Techniques | H69: X | Q69: X | T69: =IF(VLOOKUP($C69,Intermediate!$C$2:$R$208,2,FALSE)=D69, "", IF(D69="x","+", "-")) | U69: =IF(VLOOKUP($C69,Intermediate!$C$2:$R$208,3,FALSE)=E69, "", IF(E69="x","+", "-")) | V69: =IF(VLOOKUP($C69,Intermediate!$C$2:$R$208,4,FALSE)=F69, "", IF(F69="x","+", "-")) | W69: =IF(VLOOKUP($C69,Intermediate!$C$2:$R$208,5,FALSE)=G69, "", IF(G69="x","+", "-")) | X69: =IF(VLOOKUP($C69,Intermediate!$C$2:$R$208,6,FALSE)=H69, "", IF(H69="x","+", "-")) | Y69: =IF(VLOOKUP($C69,Intermediate!$C$2:$R$208,7,FALSE)=I69, "", IF(I69="x","+", "-")) | Z69: =IF(VLOOKUP($C69,Intermediate!$C$2:$R$208,8,FALSE)=J69, "", IF(J69="x","+", "-")) | AA69: =IF(VLOOKUP($C69,Intermediate!$C$2:$R$208,9,FALSE)=K69, "", IF(K69="x","+", "-")) | AB69: =IF(VLOOKUP($C69,Intermediate!$C$2:$R$208,10,FALSE)=L69, "", IF(L69="x","+", "-")) | AC69: =IF(VLOOKUP($C69,Intermediate!$C$2:$R$208,11,FALSE)=M69, "", IF(M69="x","+", "-")) | AD69: =IF(VLOOKUP($C69,Intermediate!$C$2:$R$208,12,FALSE)=N69, "", IF(N69="x","+", "-")) | AE69: =IF(VLOOKUP($C69,Intermediate!$C$2:$R$208,13,FALSE)=O69, "", IF(O69="x","+", "-")) | AF69: =IF(VLOOKUP($C69,Intermediate!$C$2:$R$208,14,FALSE)=P69, "", IF(P69="x","+", "-")) | AG69: =IF(VLOOKUP($C69,Intermediate!$C$2:$R$208,15,FALSE)=Q69, "", IF(Q69="x","+", "-")) | AH69: =IF(VLOOKUP($C69,Intermediate!$C$2:$R$208,16,FALSE)=R69, "", IF(R69="x","+", "-"))
A70: Software evolution | B70: TU/e | C70: =_xlfn.CONCAT(B70, " ", A70) -> TU/e Software evolution | J70: X | K70: X | M70: X | T70: =IF(VLOOKUP($C70,Intermediate!$C$2:$R$208,2,FALSE)=D70, "", IF(D70="x","+", "-")) | U70: =IF(VLOOKUP($C70,Intermediate!$C$2:$R$208,3,FALSE)=E70, "", IF(E70="x","+", "-")) | V70: =IF(VLOOKUP($C70,Intermediate!$C$2:$R$208,4,FALSE)=F70, "", IF(F70="x","+", "-")) | W70: =IF(VLOOKUP($C70,Intermediate!$C$2:$R$208,5,FALSE)=G70, "", IF(G70="x","+", "-")) | X70: =IF(VLOOKUP($C70,Intermediate!$C$2:$R$208,6,FALSE)=H70, "", IF(H70="x","+", "-")) | Y70: =IF(VLOOKUP($C70,Intermediate!$C$2:$R$208,7,FALSE)=I70, "", IF(I70="x","+", "-")) | Z70: =IF(VLOOKUP($C70,Intermediate!$C$2:$R$208,8,FALSE)=J70, "", IF(J70="x","+", "-")) | AA70: =IF(VLOOKUP($C70,Intermediate!$C$2:$R$208,9,FALSE)=K70, "", IF(K70="x","+", "-")) | AB70: =IF(VLOOKUP($C70,Intermediate!$C$2:$R$208,10,FALSE)=L70, "", IF(L70="x","+", "-")) | AC70: =IF(VLOOKUP($C70,Intermediate!$C$2:$R$208,11,FALSE)=M70, "", IF(M70="x","+", "-")) | AD70: =IF(VLOOKUP($C70,Intermediate!$C$2:$R$208,12,FALSE)=N70, "", IF(N70="x","+", "-")) | AE70: =IF(VLOOKUP($C70,Intermediate!$C$2:$R$208,13,FALSE)=O70, "", IF(O70="x","+", "-")) | AF70: =IF(VLOOKUP($C70,Intermediate!$C$2:$R$208,14,FALSE)=P70, "", IF(P70="x","+", "-")) | AG70: =IF(VLOOKUP($C70,Intermediate!$C$2:$R$208,15,FALSE)=Q70, "", IF(Q70="x","+", "-")) | AH70: =IF(VLOOKUP($C70,Intermediate!$C$2:$R$208,16,FALSE)=R70, "", IF(R70="x","+", "-"))
A71: Software project management | B71: TU/e | C71: =_xlfn.CONCAT(B71, " ", A71) -> TU/e Software project management | L71: X | T71: =IF(VLOOKUP($C71,Intermediate!$C$2:$R$208,2,FALSE)=D71, "", IF(D71="x","+", "-")) | U71: =IF(VLOOKUP($C71,Intermediate!$C$2:$R$208,3,FALSE)=E71, "", IF(E71="x","+", "-")) | V71: =IF(VLOOKUP($C71,Intermediate!$C$2:$R$208,4,FALSE)=F71, "", IF(F71="x","+", "-")) | W71: =IF(VLOOKUP($C71,Intermediate!$C$2:$R$208,5,FALSE)=G71, "", IF(G71="x","+", "-")) | X71: =IF(VLOOKUP($C71,Intermediate!$C$2:$R$208,6,FALSE)=H71, "", IF(H71="x","+", "-")) | Y71: =IF(VLOOKUP($C71,Intermediate!$C$2:$R$208,7,FALSE)=I71, "", IF(I71="x","+", "-")) | Z71: =IF(VLOOKUP($C71,Intermediate!$C$2:$R$208,8,FALSE)=J71, "", IF(J71="x","+", "-")) | AA71: =IF(VLOOKUP($C71,Intermediate!$C$2:$R$208,9,FALSE)=K71, "", IF(K71="x","+", "-")) | AB71: =IF(VLOOKUP($C71,Intermediate!$C$2:$R$208,10,FALSE)=L71, "", IF(L71="x","+", "-")) | AC71: =IF(VLOOKUP($C71,Intermediate!$C$2:$R$208,11,FALSE)=M71, "", IF(M71="x","+", "-")) | AD71: =IF(VLOOKUP($C71,Intermediate!$C$2:$R$208,12,FALSE)=N71, "", IF(N71="x","+", "-")) | AE71: =IF(VLOOKUP($C71,Intermediate!$C$2:$R$208,13,FALSE)=O71, "", IF(O71="x","+", "-")) | AF71: =IF(VLOOKUP($C71,Intermediate!$C$2:$R$208,14,FALSE)=P71, "", IF(P71="x","+", "-")) | AG71: =IF(VLOOKUP($C71,Intermediate!$C$2:$R$208,15,FALSE)=Q71, "", IF(Q71="x","+", "-")) | AH71: =IF(VLOOKUP($C71,Intermediate!$C$2:$R$208,16,FALSE)=R71, "", IF(R71="x","+", "-"))
A72: System design engineering | B72: TU/e | C72: =_xlfn.CONCAT(B72, " ", A72) -> TU/e System design engineering | D72: X | E72: X | F72: X | N72: X | T72: =IF(VLOOKUP($C72,Intermediate!$C$2:$R$208,2,FALSE)=D72, "", IF(D72="x","+", "-")) | U72: =IF(VLOOKUP($C72,Intermediate!$C$2:$R$208,3,FALSE)=E72, "", IF(E72="x","+", "-")) | V72: =IF(VLOOKUP($C72,Intermediate!$C$2:$R$208,4,FALSE)=F72, "", IF(F72="x","+", "-")) | W72: =IF(VLOOKUP($C72,Intermediate!$C$2:$R$208,5,FALSE)=G72, "", IF(G72="x","+", "-")) | X72: =IF(VLOOKUP($C72,Intermediate!$C$2:$R$208,6,FALSE)=H72, "", IF(H72="x","+", "-")) | Y72: =IF(VLOOKUP($C72,Intermediate!$C$2:$R$208,7,FALSE)=I72, "", IF(I72="x","+", "-")) | Z72: =IF(VLOOKUP($C72,Intermediate!$C$2:$R$208,8,FALSE)=J72, "", IF(J72="x","+", "-")) | AA72: =IF(VLOOKUP($C72,Intermediate!$C$2:$R$208,9,FALSE)=K72, "", IF(K72="x","+", "-")) | AB72: =IF(VLOOKUP($C72,Intermediate!$C$2:$R$208,10,FALSE)=L72, "", IF(L72="x","+", "-")) | AC72: =IF(VLOOKUP($C72,Intermediate!$C$2:$R$208,11,FALSE)=M72, "", IF(M72="x","+", "-")) | AD72: =IF(VLOOKUP($C72,Intermediate!$C$2:$R$208,12,FALSE)=N72, "", IF(N72="x","+", "-")) | AE72: =IF(VLOOKUP($C72,Intermediate!$C$2:$R$208,13,FALSE)=O72, "", IF(O72="x","+", "-")) | AF72: =IF(VLOOKUP($C72,Intermediate!$C$2:$R$208,14,FALSE)=P72, "", IF(P72="x","+", "-")) | AG72: =IF(VLOOKUP($C72,Intermediate!$C$2:$R$208,15,FALSE)=Q72, "", IF(Q72="x","+", "-")) | AH72: =IF(VLOOKUP($C72,Intermediate!$C$2:$R$208,16,FALSE)=R72, "", IF(R72="x","+", "-"))
A73: Concepts of Programming Languages | B73: TUD | C73: =_xlfn.CONCAT(B73, " ", A73) -> TUD Concepts of Programming Languages | R73: X | T73: =IF(VLOOKUP($C73,Intermediate!$C$2:$R$208,2,FALSE)=D73, "", IF(D73="x","+", "-")) | U73: =IF(VLOOKUP($C73,Intermediate!$C$2:$R$208,3,FALSE)=E73, "", IF(E73="x","+", "-")) | V73: =IF(VLOOKUP($C73,Intermediate!$C$2:$R$208,4,FALSE)=F73, "", IF(F73="x","+", "-")) | W73: =IF(VLOOKUP($C73,Intermediate!$C$2:$R$208,5,FALSE)=G73, "", IF(G73="x","+", "-")) | X73: =IF(VLOOKUP($C73,Intermediate!$C$2:$R$208,6,FALSE)=H73, "", IF(H73="x","+", "-")) | Y73: =IF(VLOOKUP($C73,Intermediate!$C$2:$R$208,7,FALSE)=I73, "", IF(I73="x","+", "-")) | Z73: =IF(VLOOKUP($C73,Intermediate!$C$2:$R$208,8,FALSE)=J73, "", IF(J73="x","+", "-")) | AA73: =IF(VLOOKUP($C73,Intermediate!$C$2:$R$208,9,FALSE)=K73, "", IF(K73="x","+", "-")) | AB73: =IF(VLOOKUP($C73,Intermediate!$C$2:$R$208,10,FALSE)=L73, "", IF(L73="x","+", "-")) | AC73: =IF(VLOOKUP($C73,Intermediate!$C$2:$R$208,11,FALSE)=M73, "", IF(M73="x","+", "-")) | AD73: =IF(VLOOKUP($C73,Intermediate!$C$2:$R$208,12,FALSE)=N73, "", IF(N73="x","+", "-")) | AE73: =IF(VLOOKUP($C73,Intermediate!$C$2:$R$208,13,FALSE)=O73, "", IF(O73="x","+", "-")) | AF73: =IF(VLOOKUP($C73,Intermediate!$C$2:$R$208,14,FALSE)=P73, "", IF(P73="x","+", "-")) | AG73: =IF(VLOOKUP($C73,Intermediate!$C$2:$R$208,15,FALSE)=Q73, "", IF(Q73="x","+", "-")) | AH73: =IF(VLOOKUP($C73,Intermediate!$C$2:$R$208,16,FALSE)=R73, "", IF(R73="x","+", "-"))
A74: Functional Programming | B74: TUD | C74: =_xlfn.CONCAT(B74, " ", A74) -> TUD Functional Programming | G74: X | Q74: X | T74: =IF(VLOOKUP($C74,Intermediate!$C$2:$R$208,2,FALSE)=D74, "", IF(D74="x","+", "-")) | U74: =IF(VLOOKUP($C74,Intermediate!$C$2:$R$208,3,FALSE)=E74, "", IF(E74="x","+", "-")) | V74: =IF(VLOOKUP($C74,Intermediate!$C$2:$R$208,4,FALSE)=F74, "", IF(F74="x","+", "-")) | W74: =IF(VLOOKUP($C74,Intermediate!$C$2:$R$208,5,FALSE)=G74, "", IF(G74="x","+", "-")) | X74: =IF(VLOOKUP($C74,Intermediate!$C$2:$R$208,6,FALSE)=H74, "", IF(H74="x","+", "-")) | Y74: =IF(VLOOKUP($C74,Intermediate!$C$2:$R$208,7,FALSE)=I74, "", IF(I74="x","+", "-")) | Z74: =IF(VLOOKUP($C74,Intermediate!$C$2:$R$208,8,FALSE)=J74, "", IF(J74="x","+", "-")) | AA74: =IF(VLOOKUP($C74,Intermediate!$C$2:$R$208,9,FALSE)=K74, "", IF(K74="x","+", "-")) | AB74: =IF(VLOOKUP($C74,Intermediate!$C$2:$R$208,10,FALSE)=L74, "", IF(L74="x","+", "-")) | AC74: =IF(VLOOKUP($C74,Intermediate!$C$2:$R$208,11,FALSE)=M74, "", IF(M74="x","+", "-")) | AD74: =IF(VLOOKUP($C74,Intermediate!$C$2:$R$208,12,FALSE)=N74, "", IF(N74="x","+", "-")) | AE74: =IF(VLOOKUP($C74,Intermediate!$C$2:$R$208,13,FALSE)=O74, "", IF(O74="x","+", "-")) | AF74: =IF(VLOOKUP($C74,Intermediate!$C$2:$R$208,14,FALSE)=P74, "", IF(P74="x","+", "-")) | AG74: =IF(VLOOKUP($C74,Intermediate!$C$2:$R$208,15,FALSE)=Q74, "", IF(Q74="x","+", "-")) | AH74: =IF(VLOOKUP($C74,Intermediate!$C$2:$R$208,16,FALSE)=R74, "", IF(R74="x","+", "-"))
A75: Object-Oriented Programming | B75: TUD | C75: =_xlfn.CONCAT(B75, " ", A75) -> TUD Object-Oriented Programming | G75: X | T75: =IF(VLOOKUP($C75,Intermediate!$C$2:$R$208,2,FALSE)=D75, "", IF(D75="x","+", "-")) | U75: =IF(VLOOKUP($C75,Intermediate!$C$2:$R$208,3,FALSE)=E75, "", IF(E75="x","+", "-")) | V75: =IF(VLOOKUP($C75,Intermediate!$C$2:$R$208,4,FALSE)=F75, "", IF(F75="x","+", "-")) | W75: =IF(VLOOKUP($C75,Intermediate!$C$2:$R$208,5,FALSE)=G75, "", IF(G75="x","+", "-")) | X75: =IF(VLOOKUP($C75,Intermediate!$C$2:$R$208,6,FALSE)=H75, "", IF(H75="x","+", "-")) | Y75: =IF(VLOOKUP($C75,Intermediate!$C$2:$R$208,7,FALSE)=I75, "", IF(I75="x","+", "-")) | Z75: =IF(VLOOKUP($C75,Intermediate!$C$2:$R$208,8,FALSE)=J75, "", IF(J75="x","+", "-")) | AA75: =IF(VLOOKUP($C75,Intermediate!$C$2:$R$208,9,FALSE)=K75, "", IF(K75="x","+", "-")) | AB75: =IF(VLOOKUP($C75,Intermediate!$C$2:$R$208,10,FALSE)=L75, "", IF(L75="x","+", "-")) | AC75: =IF(VLOOKUP($C75,Intermediate!$C$2:$R$208,11,FALSE)=M75, "", IF(M75="x","+", "-")) | AD75: =IF(VLOOKUP($C75,Intermediate!$C$2:$R$208,12,FALSE)=N75, "", IF(N75="x","+", "-")) | AE75: =IF(VLOOKUP($C75,Intermediate!$C$2:$R$208,13,FALSE)=O75, "", IF(O75="x","+", "-")) | AF75: =IF(VLOOKUP($C75,Intermediate!$C$2:$R$208,14,FALSE)=P75, "", IF(P75="x","+", "-")) | AG75: =IF(VLOOKUP($C75,Intermediate!$C$2:$R$208,15,FALSE)=Q75, "", IF(Q75="x","+", "-")) | AH75: =IF(VLOOKUP($C75,Intermediate!$C$2:$R$208,16,FALSE)=R75, "", IF(R75="x","+", "-"))
A76: OOP Project | B76: TUD | C76: =_xlfn.CONCAT(B76, " ", A76) -> TUD OOP Project | T76: =IF(VLOOKUP($C76,Intermediate!$C$2:$R$208,2,FALSE)=D76, "", IF(D76="x","+", "-")) | U76: =IF(VLOOKUP($C76,Intermediate!$C$2:$R$208,3,FALSE)=E76, "", IF(E76="x","+", "-")) | V76: =IF(VLOOKUP($C76,Intermediate!$C$2:$R$208,4,FALSE)=F76, "", IF(F76="x","+", "-")) | W76: =IF(VLOOKUP($C76,Intermediate!$C$2:$R$208,5,FALSE)=G76, "", IF(G76="x","+", "-")) | X76: =IF(VLOOKUP($C76,Intermediate!$C$2:$R$208,6,FALSE)=H76, "", IF(H76="x","+", "-")) | Y76: =IF(VLOOKUP($C76,Intermediate!$C$2:$R$208,7,FALSE)=I76, "", IF(I76="x","+", "-")) | Z76: =IF(VLOOKUP($C76,Intermediate!$C$2:$R$208,8,FALSE)=J76, "", IF(J76="x","+", "-")) | AA76: =IF(VLOOKUP($C76,Intermediate!$C$2:$R$208,9,FALSE)=K76, "", IF(K76="x","+", "-")) | AB76: =IF(VLOOKUP($C76,Intermediate!$C$2:$R$208,10,FALSE)=L76, "", IF(L76="x","+", "-")) | AC76: =IF(VLOOKUP($C76,Intermediate!$C$2:$R$208,11,FALSE)=M76, "", IF(M76="x","+", "-")) | AD76: =IF(VLOOKUP($C76,Intermediate!$C$2:$R$208,12,FALSE)=N76, "", IF(N76="x","+", "-")) | AE76: =IF(VLOOKUP($C76,Intermediate!$C$2:$R$208,13,FALSE)=O76, "", IF(O76="x","+", "-")) | AF76: =IF(VLOOKUP($C76,Intermediate!$C$2:$R$208,14,FALSE)=P76, "", IF(P76="x","+", "-")) | AG76: =IF(VLOOKUP($C76,Intermediate!$C$2:$R$208,15,FALSE)=Q76, "", IF(Q76="x","+", "-")) | AH76: =IF(VLOOKUP($C76,Intermediate!$C$2:$R$208,16,FALSE)=R76, "", IF(R76="x","+", "-"))
A77: Software Engineering Methods | B77: TUD | C77: =_xlfn.CONCAT(B77, " ", A77) -> TUD Software Engineering Methods | I77: X | J77: X | L77: X | M77: X | T77: =IF(VLOOKUP($C77,Intermediate!$C$2:$R$208,2,FALSE)=D77, "", IF(D77="x","+", "-")) | U77: =IF(VLOOKUP($C77,Intermediate!$C$2:$R$208,3,FALSE)=E77, "", IF(E77="x","+", "-")) | V77: =IF(VLOOKUP($C77,Intermediate!$C$2:$R$208,4,FALSE)=F77, "", IF(F77="x","+", "-")) | W77: =IF(VLOOKUP($C77,Intermediate!$C$2:$R$208,5,FALSE)=G77, "", IF(G77="x","+", "-")) | X77: =IF(VLOOKUP($C77,Intermediate!$C$2:$R$208,6,FALSE)=H77, "", IF(H77="x","+", "-")) | Y77: =IF(VLOOKUP($C77,Intermediate!$C$2:$R$208,7,FALSE)=I77, "", IF(I77="x","+", "-")) | Z77: =IF(VLOOKUP($C77,Intermediate!$C$2:$R$208,8,FALSE)=J77, "", IF(J77="x","+", "-")) | AA77: =IF(VLOOKUP($C77,Intermediate!$C$2:$R$208,9,FALSE)=K77, "", IF(K77="x","+", "-")) | AB77: =IF(VLOOKUP($C77,Intermediate!$C$2:$R$208,10,FALSE)=L77, "", IF(L77="x","+", "-")) | AC77: =IF(VLOOKUP($C77,Intermediate!$C$2:$R$208,11,FALSE)=M77, "", IF(M77="x","+", "-")) | AD77: =IF(VLOOKUP($C77,Intermediate!$C$2:$R$208,12,FALSE)=N77, "", IF(N77="x","+", "-")) | AE77: =IF(VLOOKUP($C77,Intermediate!$C$2:$R$208,13,FALSE)=O77, "", IF(O77="x","+", "-")) | AF77: =IF(VLOOKUP($C77,Intermediate!$C$2:$R$208,14,FALSE)=P77, "", IF(P77="x","+", "-")) | AG77: =IF(VLOOKUP($C77,Intermediate!$C$2:$R$208,15,FALSE)=Q77, "", IF(Q77="x","+", "-")) | AH77: =IF(VLOOKUP($C77,Intermediate!$C$2:$R$208,16,FALSE)=R77, "", IF(R77="x","+", "-"))
A78: Software Engineering Methods (Minors) | B78: TUD | C78: =_xlfn.CONCAT(B78, " ", A78) -> TUD Software Engineering Methods (Minors) | T78: =IF(VLOOKUP($C78,Intermediate!$C$2:$R$208,2,FALSE)=D78, "", IF(D78="x","+", "-")) | U78: =IF(VLOOKUP($C78,Intermediate!$C$2:$R$208,3,FALSE)=E78, "", IF(E78="x","+", "-")) | V78: =IF(VLOOKUP($C78,Intermediate!$C$2:$R$208,4,FALSE)=F78, "", IF(F78="x","+", "-")) | W78: =IF(VLOOKUP($C78,Intermediate!$C$2:$R$208,5,FALSE)=G78, "", IF(G78="x","+", "-")) | X78: =IF(VLOOKUP($C78,Intermediate!$C$2:$R$208,6,FALSE)=H78, "", IF(H78="x","+", "-")) | Y78: =IF(VLOOKUP($C78,Intermediate!$C$2:$R$208,7,FALSE)=I78, "", IF(I78="x","+", "-")) | Z78: =IF(VLOOKUP($C78,Intermediate!$C$2:$R$208,8,FALSE)=J78, "", IF(J78="x","+", "-")) | AA78: =IF(VLOOKUP($C78,Intermediate!$C$2:$R$208,9,FALSE)=K78, "", IF(K78="x","+", "-")) | AB78: =IF(VLOOKUP($C78,Intermediate!$C$2:$R$208,10,FALSE)=L78, "", IF(L78="x","+", "-")) | AC78: =IF(VLOOKUP($C78,Intermediate!$C$2:$R$208,11,FALSE)=M78, "", IF(M78="x","+", "-")) | AD78: =IF(VLOOKUP($C78,Intermediate!$C$2:$R$208,12,FALSE)=N78, "", IF(N78="x","+", "-")) | AE78: =IF(VLOOKUP($C78,Intermediate!$C$2:$R$208,13,FALSE)=O78, "", IF(O78="x","+", "-")) | AF78: =IF(VLOOKUP($C78,Intermediate!$C$2:$R$208,14,FALSE)=P78, "", IF(P78="x","+", "-")) | AG78: =IF(VLOOKUP($C78,Intermediate!$C$2:$R$208,15,FALSE)=Q78, "", IF(Q78="x","+", "-")) | AH78: =IF(VLOOKUP($C78,Intermediate!$C$2:$R$208,16,FALSE)=R78, "", IF(R78="x","+", "-"))
A79: Software Project | B79: TUD | C79: =_xlfn.CONCAT(B79, " ", A79) -> TUD Software Project | T79: =IF(VLOOKUP($C79,Intermediate!$C$2:$R$208,2,FALSE)=D79, "", IF(D79="x","+", "-")) | U79: =IF(VLOOKUP($C79,Intermediate!$C$2:$R$208,3,FALSE)=E79, "", IF(E79="x","+", "-")) | V79: =IF(VLOOKUP($C79,Intermediate!$C$2:$R$208,4,FALSE)=F79, "", IF(F79="x","+", "-")) | W79: =IF(VLOOKUP($C79,Intermediate!$C$2:$R$208,5,FALSE)=G79, "", IF(G79="x","+", "-")) | X79: =IF(VLOOKUP($C79,Intermediate!$C$2:$R$208,6,FALSE)=H79, "", IF(H79="x","+", "-")) | Y79: =IF(VLOOKUP($C79,Intermediate!$C$2:$R$208,7,FALSE)=I79, "", IF(I79="x","+", "-")) | Z79: =IF(VLOOKUP($C79,Intermediate!$C$2:$R$208,8,FALSE)=J79, "", IF(J79="x","+", "-")) | AA79: =IF(VLOOKUP($C79,Intermediate!$C$2:$R$208,9,FALSE)=K79, "", IF(K79="x","+", "-")) | AB79: =IF(VLOOKUP($C79,Intermediate!$C$2:$R$208,10,FALSE)=L79, "", IF(L79="x","+", "-")) | AC79: =IF(VLOOKUP($C79,Intermediate!$C$2:$R$208,11,FALSE)=M79, "", IF(M79="x","+", "-")) | AD79: =IF(VLOOKUP($C79,Intermediate!$C$2:$R$208,12,FALSE)=N79, "", IF(N79="x","+", "-")) | AE79: =IF(VLOOKUP($C79,Intermediate!$C$2:$R$208,13,FALSE)=O79, "", IF(O79="x","+", "-")) | AF79: =IF(VLOOKUP($C79,Intermediate!$C$2:$R$208,14,FALSE)=P79, "", IF(P79="x","+", "-")) | AG79: =IF(VLOOKUP($C79,Intermediate!$C$2:$R$208,15,FALSE)=Q79, "", IF(Q79="x","+", "-")) | AH79: =IF(VLOOKUP($C79,Intermediate!$C$2:$R$208,16,FALSE)=R79, "", IF(R79="x","+", "-"))
A80: Software Quality and Testing | B80: TUD | C80: =_xlfn.CONCAT(B80, " ", A80) -> TUD Software Quality and Testing | H80: X | T80: =IF(VLOOKUP($C80,Intermediate!$C$2:$R$208,2,FALSE)=D80, "", IF(D80="x","+", "-")) | U80: =IF(VLOOKUP($C80,Intermediate!$C$2:$R$208,3,FALSE)=E80, "", IF(E80="x","+", "-")) | V80: =IF(VLOOKUP($C80,Intermediate!$C$2:$R$208,4,FALSE)=F80, "", IF(F80="x","+", "-")) | W80: =IF(VLOOKUP($C80,Intermediate!$C$2:$R$208,5,FALSE)=G80, "", IF(G80="x","+", "-")) | X80: =IF(VLOOKUP($C80,Intermediate!$C$2:$R$208,6,FALSE)=H80, "", IF(H80="x","+", "-")) | Y80: =IF(VLOOKUP($C80,Intermediate!$C$2:$R$208,7,FALSE)=I80, "", IF(I80="x","+", "-")) | Z80: =IF(VLOOKUP($C80,Intermediate!$C$2:$R$208,8,FALSE)=J80, "", IF(J80="x","+", "-")) | AA80: =IF(VLOOKUP($C80,Intermediate!$C$2:$R$208,9,FALSE)=K80, "", IF(K80="x","+", "-")) | AB80: =IF(VLOOKUP($C80,Intermediate!$C$2:$R$208,10,FALSE)=L80, "", IF(L80="x","+", "-")) | AC80: =IF(VLOOKUP($C80,Intermediate!$C$2:$R$208,11,FALSE)=M80, "", IF(M80="x","+", "-")) | AD80: =IF(VLOOKUP($C80,Intermediate!$C$2:$R$208,12,FALSE)=N80, "", IF(N80="x","+", "-")) | AE80: =IF(VLOOKUP($C80,Intermediate!$C$2:$R$208,13,FALSE)=O80, "", IF(O80="x","+", "-")) | AF80: =IF(VLOOKUP($C80,Intermediate!$C$2:$R$208,14,FALSE)=P80, "", IF(P80="x","+", "-")) | AG80: =IF(VLOOKUP($C80,Intermediate!$C$2:$R$208,15,FALSE)=Q80, "", IF(Q80="x","+", "-")) | AH80: =IF(VLOOKUP($C80,Intermediate!$C$2:$R$208,16,FALSE)=R80, "", IF(R80="x","+", "-"))
A81: Analytics and Machine Learning for Software Engineering | B81: TUD | C81: =_xlfn.CONCAT(B81, " ", A81) -> TUD Analytics and Machine Learning for Software Engineering | L81: X | T81: =IF(VLOOKUP($C81,Intermediate!$C$2:$R$208,2,FALSE)=D81, "", IF(D81="x","+", "-")) | U81: =IF(VLOOKUP($C81,Intermediate!$C$2:$R$208,3,FALSE)=E81, "", IF(E81="x","+", "-")) | V81: =IF(VLOOKUP($C81,Intermediate!$C$2:$R$208,4,FALSE)=F81, "", IF(F81="x","+", "-")) | W81: =IF(VLOOKUP($C81,Intermediate!$C$2:$R$208,5,FALSE)=G81, "", IF(G81="x","+", "-")) | X81: =IF(VLOOKUP($C81,Intermediate!$C$2:$R$208,6,FALSE)=H81, "", IF(H81="x","+", "-")) | Y81: =IF(VLOOKUP($C81,Intermediate!$C$2:$R$208,7,FALSE)=I81, "", IF(I81="x","+", "-")) | Z81: =IF(VLOOKUP($C81,Intermediate!$C$2:$R$208,8,FALSE)=J81, "", IF(J81="x","+", "-")) | AA81: =IF(VLOOKUP($C81,Intermediate!$C$2:$R$208,9,FALSE)=K81, "", IF(K81="x","+", "-")) | AB81: =IF(VLOOKUP($C81,Intermediate!$C$2:$R$208,10,FALSE)=L81, "", IF(L81="x","+", "-")) | AC81: =IF(VLOOKUP($C81,Intermediate!$C$2:$R$208,11,FALSE)=M81, "", IF(M81="x","+", "-")) | AD81: =IF(VLOOKUP($C81,Intermediate!$C$2:$R$208,12,FALSE)=N81, "", IF(N81="x","+", "-")) | AE81: =IF(VLOOKUP($C81,Intermediate!$C$2:$R$208,13,FALSE)=O81, "", IF(O81="x","+", "-")) | AF81: =IF(VLOOKUP($C81,Intermediate!$C$2:$R$208,14,FALSE)=P81, "", IF(P81="x","+", "-")) | AG81: =IF(VLOOKUP($C81,Intermediate!$C$2:$R$208,15,FALSE)=Q81, "", IF(Q81="x","+", "-")) | AH81: =IF(VLOOKUP($C81,Intermediate!$C$2:$R$208,16,FALSE)=R81, "", IF(R81="x","+", "-"))
A82: Artificial Intelligence for Software Testing and Reverse Engineering | B82: TUD | C82: =_xlfn.CONCAT(B82, " ", A82) -> TUD Artificial Intelligence for Software Testing and Reverse Engineering | H82: X | O82: X | T82: =IF(VLOOKUP($C82,Intermediate!$C$2:$R$208,2,FALSE)=D82, "", IF(D82="x","+", "-")) | U82: =IF(VLOOKUP($C82,Intermediate!$C$2:$R$208,3,FALSE)=E82, "", IF(E82="x","+", "-")) | V82: =IF(VLOOKUP($C82,Intermediate!$C$2:$R$208,4,FALSE)=F82, "", IF(F82="x","+", "-")) | W82: =IF(VLOOKUP($C82,Intermediate!$C$2:$R$208,5,FALSE)=G82, "", IF(G82="x","+", "-")) | X82: =IF(VLOOKUP($C82,Intermediate!$C$2:$R$208,6,FALSE)=H82, "", IF(H82="x","+", "-")) | Y82: =IF(VLOOKUP($C82,Intermediate!$C$2:$R$208,7,FALSE)=I82, "", IF(I82="x","+", "-")) | Z82: =IF(VLOOKUP($C82,Intermediate!$C$2:$R$208,8,FALSE)=J82, "", IF(J82="x","+", "-")) | AA82: =IF(VLOOKUP($C82,Intermediate!$C$2:$R$208,9,FALSE)=K82, "", IF(K82="x","+", "-")) | AB82: =IF(VLOOKUP($C82,Intermediate!$C$2:$R$208,10,FALSE)=L82, "", IF(L82="x","+", "-")) | AC82: =IF(VLOOKUP($C82,Intermediate!$C$2:$R$208,11,FALSE)=M82, "", IF(M82="x","+", "-")) | AD82: =IF(VLOOKUP($C82,Intermediate!$C$2:$R$208,12,FALSE)=N82, "", IF(N82="x","+", "-")) | AE82: =IF(VLOOKUP($C82,Intermediate!$C$2:$R$208,13,FALSE)=O82, "", IF(O82="x","+", "-")) | AF82: =IF(VLOOKUP($C82,Intermediate!$C$2:$R$208,14,FALSE)=P82, "", IF(P82="x","+", "-")) | AG82: =IF(VLOOKUP($C82,Intermediate!$C$2:$R$208,15,FALSE)=Q82, "", IF(Q82="x","+", "-")) | AH82: =IF(VLOOKUP($C82,Intermediate!$C$2:$R$208,16,FALSE)=R82, "", IF(R82="x","+", "-"))
A83: Compiler Construction | B83: TUD | C83: =_xlfn.CONCAT(B83, " ", A83) -> TUD Compiler Construction | R83: X | T83: =IF(VLOOKUP($C83,Intermediate!$C$2:$R$208,2,FALSE)=D83, "", IF(D83="x","+", "-")) | U83: =IF(VLOOKUP($C83,Intermediate!$C$2:$R$208,3,FALSE)=E83, "", IF(E83="x","+", "-")) | V83: =IF(VLOOKUP($C83,Intermediate!$C$2:$R$208,4,FALSE)=F83, "", IF(F83="x","+", "-")) | W83: =IF(VLOOKUP($C83,Intermediate!$C$2:$R$208,5,FALSE)=G83, "", IF(G83="x","+", "-")) | X83: =IF(VLOOKUP($C83,Intermediate!$C$2:$R$208,6,FALSE)=H83, "", IF(H83="x","+", "-")) | Y83: =IF(VLOOKUP($C83,Intermediate!$C$2:$R$208,7,FALSE)=I83, "", IF(I83="x","+", "-")) | Z83: =IF(VLOOKUP($C83,Intermediate!$C$2:$R$208,8,FALSE)=J83, "", IF(J83="x","+", "-")) | AA83: =IF(VLOOKUP($C83,Intermediate!$C$2:$R$208,9,FALSE)=K83, "", IF(K83="x","+", "-")) | AB83: =IF(VLOOKUP($C83,Intermediate!$C$2:$R$208,10,FALSE)=L83, "", IF(L83="x","+", "-")) | AC83: =IF(VLOOKUP($C83,Intermediate!$C$2:$R$208,11,FALSE)=M83, "", IF(M83="x","+", "-")) | AD83: =IF(VLOOKUP($C83,Intermediate!$C$2:$R$208,12,FALSE)=N83, "", IF(N83="x","+", "-")) | AE83: =IF(VLOOKUP($C83,Intermediate!$C$2:$R$208,13,FALSE)=O83, "", IF(O83="x","+", "-")) | AF83: =IF(VLOOKUP($C83,Intermediate!$C$2:$R$208,14,FALSE)=P83, "", IF(P83="x","+", "-")) | AG83: =IF(VLOOKUP($C83,Intermediate!$C$2:$R$208,15,FALSE)=Q83, "", IF(Q83="x","+", "-")) | AH83: =IF(VLOOKUP($C83,Intermediate!$C$2:$R$208,16,FALSE)=R83, "", IF(R83="x","+", "-"))
A84: Language-based Software Security | B84: TUD | C84: =_xlfn.CONCAT(B84, " ", A84) -> TUD Language-based Software Security | G84: X | O84: X | R84: X | T84: =IF(VLOOKUP($C84,Intermediate!$C$2:$R$208,2,FALSE)=D84, "", IF(D84="x","+", "-")) | U84: =IF(VLOOKUP($C84,Intermediate!$C$2:$R$208,3,FALSE)=E84, "", IF(E84="x","+", "-")) | V84: =IF(VLOOKUP($C84,Intermediate!$C$2:$R$208,4,FALSE)=F84, "", IF(F84="x","+", "-")) | W84: =IF(VLOOKUP($C84,Intermediate!$C$2:$R$208,5,FALSE)=G84, "", IF(G84="x","+", "-")) | X84: =IF(VLOOKUP($C84,Intermediate!$C$2:$R$208,6,FALSE)=H84, "", IF(H84="x","+", "-")) | Y84: =IF(VLOOKUP($C84,Intermediate!$C$2:$R$208,7,FALSE)=I84, "", IF(I84="x","+", "-")) | Z84: =IF(VLOOKUP($C84,Intermediate!$C$2:$R$208,8,FALSE)=J84, "", IF(J84="x","+", "-")) | AA84: =IF(VLOOKUP($C84,Intermediate!$C$2:$R$208,9,FALSE)=K84, "", IF(K84="x","+", "-")) | AB84: =IF(VLOOKUP($C84,Intermediate!$C$2:$R$208,10,FALSE)=L84, "", IF(L84="x","+", "-")) | AC84: =IF(VLOOKUP($C84,Intermediate!$C$2:$R$208,11,FALSE)=M84, "", IF(M84="x","+", "-")) | AD84: =IF(VLOOKUP($C84,Intermediate!$C$2:$R$208,12,FALSE)=N84, "", IF(N84="x","+", "-")) | AE84: =IF(VLOOKUP($C84,Intermediate!$C$2:$R$208,13,FALSE)=O84, "", IF(O84="x","+", "-")) | AF84: =IF(VLOOKUP($C84,Intermediate!$C$2:$R$208,14,FALSE)=P84, "", IF(P84="x","+", "-")) | AG84: =IF(VLOOKUP($C84,Intermediate!$C$2:$R$208,15,FALSE)=Q84, "", IF(Q84="x","+", "-")) | AH84: =IF(VLOOKUP($C84,Intermediate!$C$2:$R$208,16,FALSE)=R84, "", IF(R84="x","+", "-"))
A85: Release Engineering for Software Engineering | B85: TUD | C85: =_xlfn.CONCAT(B85, " ", A85) -> TUD Release Engineering for Software Engineering | J85: X | K85: X | L85: X | M85: X | T85: =IF(VLOOKUP($C85,Intermediate!$C$2:$R$208,2,FALSE)=D85, "", IF(D85="x","+", "-")) | U85: =IF(VLOOKUP($C85,Intermediate!$C$2:$R$208,3,FALSE)=E85, "", IF(E85="x","+", "-")) | V85: =IF(VLOOKUP($C85,Intermediate!$C$2:$R$208,4,FALSE)=F85, "", IF(F85="x","+", "-")) | W85: =IF(VLOOKUP($C85,Intermediate!$C$2:$R$208,5,FALSE)=G85, "", IF(G85="x","+", "-")) | X85: =IF(VLOOKUP($C85,Intermediate!$C$2:$R$208,6,FALSE)=H85, "", IF(H85="x","+", "-")) | Y85: =IF(VLOOKUP($C85,Intermediate!$C$2:$R$208,7,FALSE)=I85, "", IF(I85="x","+", "-")) | Z85: =IF(VLOOKUP($C85,Intermediate!$C$2:$R$208,8,FALSE)=J85, "", IF(J85="x","+", "-")) | AA85: =IF(VLOOKUP($C85,Intermediate!$C$2:$R$208,9,FALSE)=K85, "", IF(K85="x","+", "-")) | AB85: =IF(VLOOKUP($C85,Intermediate!$C$2:$R$208,10,FALSE)=L85, "", IF(L85="x","+", "-")) | AC85: =IF(VLOOKUP($C85,Intermediate!$C$2:$R$208,11,FALSE)=M85, "", IF(M85="x","+", "-")) | AD85: =IF(VLOOKUP($C85,Intermediate!$C$2:$R$208,12,FALSE)=N85, "", IF(N85="x","+", "-")) | AE85: =IF(VLOOKUP($C85,Intermediate!$C$2:$R$208,13,FALSE)=O85, "", IF(O85="x","+", "-")) | AF85: =IF(VLOOKUP($C85,Intermediate!$C$2:$R$208,14,FALSE)=P85, "", IF(P85="x","+", "-")) | AG85: =IF(VLOOKUP($C85,Intermediate!$C$2:$R$208,15,FALSE)=Q85, "", IF(Q85="x","+", "-")) | AH85: =IF(VLOOKUP($C85,Intermediate!$C$2:$R$208,16,FALSE)=R85, "", IF(R85="x","+", "-"))
A86: Software Architecture | B86: TUD | C86: =_xlfn.CONCAT(B86, " ", A86) -> TUD Software Architecture | E86: X | N86: X | T86: =IF(VLOOKUP($C86,Intermediate!$C$2:$R$208,2,FALSE)=D86, "", IF(D86="x","+", "-")) | U86: =IF(VLOOKUP($C86,Intermediate!$C$2:$R$208,3,FALSE)=E86, "", IF(E86="x","+", "-")) | V86: =IF(VLOOKUP($C86,Intermediate!$C$2:$R$208,4,FALSE)=F86, "", IF(F86="x","+", "-")) | W86: =IF(VLOOKUP($C86,Intermediate!$C$2:$R$208,5,FALSE)=G86, "", IF(G86="x","+", "-")) | X86: =IF(VLOOKUP($C86,Intermediate!$C$2:$R$208,6,FALSE)=H86, "", IF(H86="x","+", "-")) | Y86: =IF(VLOOKUP($C86,Intermediate!$C$2:$R$208,7,FALSE)=I86, "", IF(I86="x","+", "-")) | Z86: =IF(VLOOKUP($C86,Intermediate!$C$2:$R$208,8,FALSE)=J86, "", IF(J86="x","+", "-")) | AA86: =IF(VLOOKUP($C86,Intermediate!$C$2:$R$208,9,FALSE)=K86, "", IF(K86="x","+", "-")) | AB86: =IF(VLOOKUP($C86,Intermediate!$C$2:$R$208,10,FALSE)=L86, "", IF(L86="x","+", "-")) | AC86: =IF(VLOOKUP($C86,Intermediate!$C$2:$R$208,11,FALSE)=M86, "", IF(M86="x","+", "-")) | AD86: =IF(VLOOKUP($C86,Intermediate!$C$2:$R$208,12,FALSE)=N86, "", IF(N86="x","+", "-")) | AE86: =IF(VLOOKUP($C86,Intermediate!$C$2:$R$208,13,FALSE)=O86, "", IF(O86="x","+", "-")) | AF86: =IF(VLOOKUP($C86,Intermediate!$C$2:$R$208,14,FALSE)=P86, "", IF(P86="x","+", "-")) | AG86: =IF(VLOOKUP($C86,Intermediate!$C$2:$R$208,15,FALSE)=Q86, "", IF(Q86="x","+", "-")) | AH86: =IF(VLOOKUP($C86,Intermediate!$C$2:$R$208,16,FALSE)=R86, "", IF(R86="x","+", "-"))
A87: Software Verification | B87: TUD | C87: =_xlfn.CONCAT(B87, " ", A87) -> TUD Software Verification | Q87: X | T87: =IF(VLOOKUP($C87,Intermediate!$C$2:$R$208,2,FALSE)=D87, "", IF(D87="x","+", "-")) | U87: =IF(VLOOKUP($C87,Intermediate!$C$2:$R$208,3,FALSE)=E87, "", IF(E87="x","+", "-")) | V87: =IF(VLOOKUP($C87,Intermediate!$C$2:$R$208,4,FALSE)=F87, "", IF(F87="x","+", "-")) | W87: =IF(VLOOKUP($C87,Intermediate!$C$2:$R$208,5,FALSE)=G87, "", IF(G87="x","+", "-")) | X87: =IF(VLOOKUP($C87,Intermediate!$C$2:$R$208,6,FALSE)=H87, "", IF(H87="x","+", "-")) | Y87: =IF(VLOOKUP($C87,Intermediate!$C$2:$R$208,7,FALSE)=I87, "", IF(I87="x","+", "-")) | Z87: =IF(VLOOKUP($C87,Intermediate!$C$2:$R$208,8,FALSE)=J87, "", IF(J87="x","+", "-")) | AA87: =IF(VLOOKUP($C87,Intermediate!$C$2:$R$208,9,FALSE)=K87, "", IF(K87="x","+", "-")) | AB87: =IF(VLOOKUP($C87,Intermediate!$C$2:$R$208,10,FALSE)=L87, "", IF(L87="x","+", "-")) | AC87: =IF(VLOOKUP($C87,Intermediate!$C$2:$R$208,11,FALSE)=M87, "", IF(M87="x","+", "-")) | AD87: =IF(VLOOKUP($C87,Intermediate!$C$2:$R$208,12,FALSE)=N87, "", IF(N87="x","+", "-")) | AE87: =IF(VLOOKUP($C87,Intermediate!$C$2:$R$208,13,FALSE)=O87, "", IF(O87="x","+", "-")) | AF87: =IF(VLOOKUP($C87,Intermediate!$C$2:$R$208,14,FALSE)=P87, "", IF(P87="x","+", "-")) | AG87: =IF(VLOOKUP($C87,Intermediate!$C$2:$R$208,15,FALSE)=Q87, "", IF(Q87="x","+", "-")) | AH87: =IF(VLOOKUP($C87,Intermediate!$C$2:$R$208,16,FALSE)=R87, "", IF(R87="x","+", "-"))
A88: Sustainable Software Engineering | B88: TUD | C88: =_xlfn.CONCAT(B88, " ", A88) -> TUD Sustainable Software Engineering | J88: X | P88: X | T88: =IF(VLOOKUP($C88,Intermediate!$C$2:$R$208,2,FALSE)=D88, "", IF(D88="x","+", "-")) | U88: =IF(VLOOKUP($C88,Intermediate!$C$2:$R$208,3,FALSE)=E88, "", IF(E88="x","+", "-")) | V88: =IF(VLOOKUP($C88,Intermediate!$C$2:$R$208,4,FALSE)=F88, "", IF(F88="x","+", "-")) | W88: =IF(VLOOKUP($C88,Intermediate!$C$2:$R$208,5,FALSE)=G88, "", IF(G88="x","+", "-")) | X88: =IF(VLOOKUP($C88,Intermediate!$C$2:$R$208,6,FALSE)=H88, "", IF(H88="x","+", "-")) | Y88: =IF(VLOOKUP($C88,Intermediate!$C$2:$R$208,7,FALSE)=I88, "", IF(I88="x","+", "-")) | Z88: =IF(VLOOKUP($C88,Intermediate!$C$2:$R$208,8,FALSE)=J88, "", IF(J88="x","+", "-")) | AA88: =IF(VLOOKUP($C88,Intermediate!$C$2:$R$208,9,FALSE)=K88, "", IF(K88="x","+", "-")) | AB88: =IF(VLOOKUP($C88,Intermediate!$C$2:$R$208,10,FALSE)=L88, "", IF(L88="x","+", "-")) | AC88: =IF(VLOOKUP($C88,Intermediate!$C$2:$R$208,11,FALSE)=M88, "", IF(M88="x","+", "-")) | AD88: =IF(VLOOKUP($C88,Intermediate!$C$2:$R$208,12,FALSE)=N88, "", IF(N88="x","+", "-")) | AE88: =IF(VLOOKUP($C88,Intermediate!$C$2:$R$208,13,FALSE)=O88, "", IF(O88="x","+", "-")) | AF88: =IF(VLOOKUP($C88,Intermediate!$C$2:$R$208,14,FALSE)=P88, "", IF(P88="x","+", "-")) | AG88: =IF(VLOOKUP($C88,Intermediate!$C$2:$R$208,15,FALSE)=Q88, "", IF(Q88="x","+", "-")) | AH88: =IF(VLOOKUP($C88,Intermediate!$C$2:$R$208,16,FALSE)=R88, "", IF(R88="x","+", "-"))
A89: Testing and Validation for AI-intensive systems | B89: TUD | C89: =_xlfn.CONCAT(B89, " ", A89) -> TUD Testing and Validation for AI-intensive systems | H89: X | J89: X | O89: X | T89: =IF(VLOOKUP($C89,Intermediate!$C$2:$R$208,2,FALSE)=D89, "", IF(D89="x","+", "-")) | U89: =IF(VLOOKUP($C89,Intermediate!$C$2:$R$208,3,FALSE)=E89, "", IF(E89="x","+", "-")) | V89: =IF(VLOOKUP($C89,Intermediate!$C$2:$R$208,4,FALSE)=F89, "", IF(F89="x","+", "-")) | W89: =IF(VLOOKUP($C89,Intermediate!$C$2:$R$208,5,FALSE)=G89, "", IF(G89="x","+", "-")) | X89: =IF(VLOOKUP($C89,Intermediate!$C$2:$R$208,6,FALSE)=H89, "", IF(H89="x","+", "-")) | Y89: =IF(VLOOKUP($C89,Intermediate!$C$2:$R$208,7,FALSE)=I89, "", IF(I89="x","+", "-")) | Z89: =IF(VLOOKUP($C89,Intermediate!$C$2:$R$208,8,FALSE)=J89, "", IF(J89="x","+", "-")) | AA89: =IF(VLOOKUP($C89,Intermediate!$C$2:$R$208,9,FALSE)=K89, "", IF(K89="x","+", "-")) | AB89: =IF(VLOOKUP($C89,Intermediate!$C$2:$R$208,10,FALSE)=L89, "", IF(L89="x","+", "-")) | AC89: =IF(VLOOKUP($C89,Intermediate!$C$2:$R$208,11,FALSE)=M89, "", IF(M89="x","+", "-")) | AD89: =IF(VLOOKUP($C89,Intermediate!$C$2:$R$208,12,FALSE)=N89, "", IF(N89="x","+", "-")) | AE89: =IF(VLOOKUP($C89,Intermediate!$C$2:$R$208,13,FALSE)=O89, "", IF(O89="x","+", "-")) | AF89: =IF(VLOOKUP($C89,Intermediate!$C$2:$R$208,14,FALSE)=P89, "", IF(P89="x","+", "-")) | AG89: =IF(VLOOKUP($C89,Intermediate!$C$2:$R$208,15,FALSE)=Q89, "", IF(Q89="x","+", "-")) | AH89: =IF(VLOOKUP($C89,Intermediate!$C$2:$R$208,16,FALSE)=R89, "", IF(R89="x","+", "-"))
A90: Basic Programming in Python | B90: UL | C90: =_xlfn.CONCAT(B90, " ", A90) -> UL Basic Programming in Python | G90: X | T90: =IF(VLOOKUP($C90,Intermediate!$C$2:$R$208,2,FALSE)=D90, "", IF(D90="x","+", "-")) | U90: =IF(VLOOKUP($C90,Intermediate!$C$2:$R$208,3,FALSE)=E90, "", IF(E90="x","+", "-")) | V90: =IF(VLOOKUP($C90,Intermediate!$C$2:$R$208,4,FALSE)=F90, "", IF(F90="x","+", "-")) | W90: =IF(VLOOKUP($C90,Intermediate!$C$2:$R$208,5,FALSE)=G90, "", IF(G90="x","+", "-")) | X90: =IF(VLOOKUP($C90,Intermediate!$C$2:$R$208,6,FALSE)=H90, "", IF(H90="x","+", "-")) | Y90: =IF(VLOOKUP($C90,Intermediate!$C$2:$R$208,7,FALSE)=I90, "", IF(I90="x","+", "-")) | Z90: =IF(VLOOKUP($C90,Intermediate!$C$2:$R$208,8,FALSE)=J90, "", IF(J90="x","+", "-")) | AA90: =IF(VLOOKUP($C90,Intermediate!$C$2:$R$208,9,FALSE)=K90, "", IF(K90="x","+", "-")) | AB90: =IF(VLOOKUP($C90,Intermediate!$C$2:$R$208,10,FALSE)=L90, "", IF(L90="x","+", "-")) | AC90: =IF(VLOOKUP($C90,Intermediate!$C$2:$R$208,11,FALSE)=M90, "", IF(M90="x","+", "-")) | AD90: =IF(VLOOKUP($C90,Intermediate!$C$2:$R$208,12,FALSE)=N90, "", IF(N90="x","+", "-")) | AE90: =IF(VLOOKUP($C90,Intermediate!$C$2:$R$208,13,FALSE)=O90, "", IF(O90="x","+", "-")) | AF90: =IF(VLOOKUP($C90,Intermediate!$C$2:$R$208,14,FALSE)=P90, "", IF(P90="x","+", "-")) | AG90: =IF(VLOOKUP($C90,Intermediate!$C$2:$R$208,15,FALSE)=Q90, "", IF(Q90="x","+", "-")) | AH90: =IF(VLOOKUP($C90,Intermediate!$C$2:$R$208,16,FALSE)=R90, "", IF(R90="x","+", "-"))
A91: Concepts of Programming Languages | B91: UL | C91: =_xlfn.CONCAT(B91, " ", A91) -> UL Concepts of Programming Languages | Q91: X | R91: X | T91: =IF(VLOOKUP($C91,Intermediate!$C$2:$R$208,2,FALSE)=D91, "", IF(D91="x","+", "-")) | U91: =IF(VLOOKUP($C91,Intermediate!$C$2:$R$208,3,FALSE)=E91, "", IF(E91="x","+", "-")) | V91: =IF(VLOOKUP($C91,Intermediate!$C$2:$R$208,4,FALSE)=F91, "", IF(F91="x","+", "-")) | W91: =IF(VLOOKUP($C91,Intermediate!$C$2:$R$208,5,FALSE)=G91, "", IF(G91="x","+", "-")) | X91: =IF(VLOOKUP($C91,Intermediate!$C$2:$R$208,6,FALSE)=H91, "", IF(H91="x","+", "-")) | Y91: =IF(VLOOKUP($C91,Intermediate!$C$2:$R$208,7,FALSE)=I91, "", IF(I91="x","+", "-")) | Z91: =IF(VLOOKUP($C91,Intermediate!$C$2:$R$208,8,FALSE)=J91, "", IF(J91="x","+", "-")) | AA91: =IF(VLOOKUP($C91,Intermediate!$C$2:$R$208,9,FALSE)=K91, "", IF(K91="x","+", "-")) | AB91: =IF(VLOOKUP($C91,Intermediate!$C$2:$R$208,10,FALSE)=L91, "", IF(L91="x","+", "-")) | AC91: =IF(VLOOKUP($C91,Intermediate!$C$2:$R$208,11,FALSE)=M91, "", IF(M91="x","+", "-")) | AD91: =IF(VLOOKUP($C91,Intermediate!$C$2:$R$208,12,FALSE)=N91, "", IF(N91="x","+", "-")) | AE91: =IF(VLOOKUP($C91,Intermediate!$C$2:$R$208,13,FALSE)=O91, "", IF(O91="x","+", "-")) | AF91: =IF(VLOOKUP($C91,Intermediate!$C$2:$R$208,14,FALSE)=P91, "", IF(P91="x","+", "-")) | AG91: =IF(VLOOKUP($C91,Intermediate!$C$2:$R$208,15,FALSE)=Q91, "", IF(Q91="x","+", "-")) | AH91: =IF(VLOOKUP($C91,Intermediate!$C$2:$R$208,16,FALSE)=R91, "", IF(R91="x","+", "-"))
A92: Introduction to Programming (BSc) | B92: UL | C92: =_xlfn.CONCAT(B92, " ", A92) -> UL Introduction to Programming (BSc) | G92: X | T92: =IF(VLOOKUP($C92,Intermediate!$C$2:$R$208,2,FALSE)=D92, "", IF(D92="x","+", "-")) | U92: =IF(VLOOKUP($C92,Intermediate!$C$2:$R$208,3,FALSE)=E92, "", IF(E92="x","+", "-")) | V92: =IF(VLOOKUP($C92,Intermediate!$C$2:$R$208,4,FALSE)=F92, "", IF(F92="x","+", "-")) | W92: =IF(VLOOKUP($C92,Intermediate!$C$2:$R$208,5,FALSE)=G92, "", IF(G92="x","+", "-")) | X92: =IF(VLOOKUP($C92,Intermediate!$C$2:$R$208,6,FALSE)=H92, "", IF(H92="x","+", "-")) | Y92: =IF(VLOOKUP($C92,Intermediate!$C$2:$R$208,7,FALSE)=I92, "", IF(I92="x","+", "-")) | Z92: =IF(VLOOKUP($C92,Intermediate!$C$2:$R$208,8,FALSE)=J92, "", IF(J92="x","+", "-")) | AA92: =IF(VLOOKUP($C92,Intermediate!$C$2:$R$208,9,FALSE)=K92, "", IF(K92="x","+", "-")) | AB92: =IF(VLOOKUP($C92,Intermediate!$C$2:$R$208,10,FALSE)=L92, "", IF(L92="x","+", "-")) | AC92: =IF(VLOOKUP($C92,Intermediate!$C$2:$R$208,11,FALSE)=M92, "", IF(M92="x","+", "-")) | AD92: =IF(VLOOKUP($C92,Intermediate!$C$2:$R$208,12,FALSE)=N92, "", IF(N92="x","+", "-")) | AE92: =IF(VLOOKUP($C92,Intermediate!$C$2:$R$208,13,FALSE)=O92, "", IF(O92="x","+", "-")) | AF92: =IF(VLOOKUP($C92,Intermediate!$C$2:$R$208,14,FALSE)=P92, "", IF(P92="x","+", "-")) | AG92: =IF(VLOOKUP($C92,Intermediate!$C$2:$R$208,15,FALSE)=Q92, "", IF(Q92="x","+", "-")) | AH92: =IF(VLOOKUP($C92,Intermediate!$C$2:$R$208,16,FALSE)=R92, "", IF(R92="x","+", "-"))
A93: Program Correctness | B93: UL | C93: =_xlfn.CONCAT(B93, " ", A93) -> UL Program Correctness | Q93: X | T93: =IF(VLOOKUP($C93,Intermediate!$C$2:$R$208,2,FALSE)=D93, "", IF(D93="x","+", "-")) | U93: =IF(VLOOKUP($C93,Intermediate!$C$2:$R$208,3,FALSE)=E93, "", IF(E93="x","+", "-")) | V93: =IF(VLOOKUP($C93,Intermediate!$C$2:$R$208,4,FALSE)=F93, "", IF(F93="x","+", "-")) | W93: =IF(VLOOKUP($C93,Intermediate!$C$2:$R$208,5,FALSE)=G93, "", IF(G93="x","+", "-")) | X93: =IF(VLOOKUP($C93,Intermediate!$C$2:$R$208,6,FALSE)=H93, "", IF(H93="x","+", "-")) | Y93: =IF(VLOOKUP($C93,Intermediate!$C$2:$R$208,7,FALSE)=I93, "", IF(I93="x","+", "-")) | Z93: =IF(VLOOKUP($C93,Intermediate!$C$2:$R$208,8,FALSE)=J93, "", IF(J93="x","+", "-")) | AA93: =IF(VLOOKUP($C93,Intermediate!$C$2:$R$208,9,FALSE)=K93, "", IF(K93="x","+", "-")) | AB93: =IF(VLOOKUP($C93,Intermediate!$C$2:$R$208,10,FALSE)=L93, "", IF(L93="x","+", "-")) | AC93: =IF(VLOOKUP($C93,Intermediate!$C$2:$R$208,11,FALSE)=M93, "", IF(M93="x","+", "-")) | AD93: =IF(VLOOKUP($C93,Intermediate!$C$2:$R$208,12,FALSE)=N93, "", IF(N93="x","+", "-")) | AE93: =IF(VLOOKUP($C93,Intermediate!$C$2:$R$208,13,FALSE)=O93, "", IF(O93="x","+", "-")) | AF93: =IF(VLOOKUP($C93,Intermediate!$C$2:$R$208,14,FALSE)=P93, "", IF(P93="x","+", "-")) | AG93: =IF(VLOOKUP($C93,Intermediate!$C$2:$R$208,15,FALSE)=Q93, "", IF(Q93="x","+", "-")) | AH93: =IF(VLOOKUP($C93,Intermediate!$C$2:$R$208,16,FALSE)=R93, "", IF(R93="x","+", "-"))
A94: Programmeermethoden | B94: UL | C94: =_xlfn.CONCAT(B94, " ", A94) -> UL Programmeermethoden | G94: X | T94: =IF(VLOOKUP($C94,Intermediate!$C$2:$R$208,2,FALSE)=D94, "", IF(D94="x","+", "-")) | U94: =IF(VLOOKUP($C94,Intermediate!$C$2:$R$208,3,FALSE)=E94, "", IF(E94="x","+", "-")) | V94: =IF(VLOOKUP($C94,Intermediate!$C$2:$R$208,4,FALSE)=F94, "", IF(F94="x","+", "-")) | W94: =IF(VLOOKUP($C94,Intermediate!$C$2:$R$208,5,FALSE)=G94, "", IF(G94="x","+", "-")) | X94: =IF(VLOOKUP($C94,Intermediate!$C$2:$R$208,6,FALSE)=H94, "", IF(H94="x","+", "-")) | Y94: =IF(VLOOKUP($C94,Intermediate!$C$2:$R$208,7,FALSE)=I94, "", IF(I94="x","+", "-")) | Z94: =IF(VLOOKUP($C94,Intermediate!$C$2:$R$208,8,FALSE)=J94, "", IF(J94="x","+", "-")) | AA94: =IF(VLOOKUP($C94,Intermediate!$C$2:$R$208,9,FALSE)=K94, "", IF(K94="x","+", "-")) | AB94: =IF(VLOOKUP($C94,Intermediate!$C$2:$R$208,10,FALSE)=L94, "", IF(L94="x","+", "-")) | AC94: =IF(VLOOKUP($C94,Intermediate!$C$2:$R$208,11,FALSE)=M94, "", IF(M94="x","+", "-")) | AD94: =IF(VLOOKUP($C94,Intermediate!$C$2:$R$208,12,FALSE)=N94, "", IF(N94="x","+", "-")) | AE94: =IF(VLOOKUP($C94,Intermediate!$C$2:$R$208,13,FALSE)=O94, "", IF(O94="x","+", "-")) | AF94: =IF(VLOOKUP($C94,Intermediate!$C$2:$R$208,14,FALSE)=P94, "", IF(P94="x","+", "-")) | AG94: =IF(VLOOKUP($C94,Intermediate!$C$2:$R$208,15,FALSE)=Q94, "", IF(Q94="x","+", "-")) | AH94: =IF(VLOOKUP($C94,Intermediate!$C$2:$R$208,16,FALSE)=R94, "", IF(R94="x","+", "-"))
A95: Programming Techniques | B95: UL | C95: =_xlfn.CONCAT(B95, " ", A95) -> UL Programming Techniques | G95: X | T95: =IF(VLOOKUP($C95,Intermediate!$C$2:$R$208,2,FALSE)=D95, "", IF(D95="x","+", "-")) | U95: =IF(VLOOKUP($C95,Intermediate!$C$2:$R$208,3,FALSE)=E95, "", IF(E95="x","+", "-")) | V95: =IF(VLOOKUP($C95,Intermediate!$C$2:$R$208,4,FALSE)=F95, "", IF(F95="x","+", "-")) | W95: =IF(VLOOKUP($C95,Intermediate!$C$2:$R$208,5,FALSE)=G95, "", IF(G95="x","+", "-")) | X95: =IF(VLOOKUP($C95,Intermediate!$C$2:$R$208,6,FALSE)=H95, "", IF(H95="x","+", "-")) | Y95: =IF(VLOOKUP($C95,Intermediate!$C$2:$R$208,7,FALSE)=I95, "", IF(I95="x","+", "-")) | Z95: =IF(VLOOKUP($C95,Intermediate!$C$2:$R$208,8,FALSE)=J95, "", IF(J95="x","+", "-")) | AA95: =IF(VLOOKUP($C95,Intermediate!$C$2:$R$208,9,FALSE)=K95, "", IF(K95="x","+", "-")) | AB95: =IF(VLOOKUP($C95,Intermediate!$C$2:$R$208,10,FALSE)=L95, "", IF(L95="x","+", "-")) | AC95: =IF(VLOOKUP($C95,Intermediate!$C$2:$R$208,11,FALSE)=M95, "", IF(M95="x","+", "-")) | AD95: =IF(VLOOKUP($C95,Intermediate!$C$2:$R$208,12,FALSE)=N95, "", IF(N95="x","+", "-")) | AE95: =IF(VLOOKUP($C95,Intermediate!$C$2:$R$208,13,FALSE)=O95, "", IF(O95="x","+", "-")) | AF95: =IF(VLOOKUP($C95,Intermediate!$C$2:$R$208,14,FALSE)=P95, "", IF(P95="x","+", "-")) | AG95: =IF(VLOOKUP($C95,Intermediate!$C$2:$R$208,15,FALSE)=Q95, "", IF(Q95="x","+", "-")) | AH95: =IF(VLOOKUP($C95,Intermediate!$C$2:$R$208,16,FALSE)=R95, "", IF(R95="x","+", "-"))
A96: Projectmanagement | B96: UL | C96: =_xlfn.CONCAT(B96, " ", A96) -> UL Projectmanagement | I96: X | L96: X | M96: X | T96: =IF(VLOOKUP($C96,Intermediate!$C$2:$R$208,2,FALSE)=D96, "", IF(D96="x","+", "-")) | U96: =IF(VLOOKUP($C96,Intermediate!$C$2:$R$208,3,FALSE)=E96, "", IF(E96="x","+", "-")) | V96: =IF(VLOOKUP($C96,Intermediate!$C$2:$R$208,4,FALSE)=F96, "", IF(F96="x","+", "-")) | W96: =IF(VLOOKUP($C96,Intermediate!$C$2:$R$208,5,FALSE)=G96, "", IF(G96="x","+", "-")) | X96: =IF(VLOOKUP($C96,Intermediate!$C$2:$R$208,6,FALSE)=H96, "", IF(H96="x","+", "-")) | Y96: =IF(VLOOKUP($C96,Intermediate!$C$2:$R$208,7,FALSE)=I96, "", IF(I96="x","+", "-")) | Z96: =IF(VLOOKUP($C96,Intermediate!$C$2:$R$208,8,FALSE)=J96, "", IF(J96="x","+", "-")) | AA96: =IF(VLOOKUP($C96,Intermediate!$C$2:$R$208,9,FALSE)=K96, "", IF(K96="x","+", "-")) | AB96: =IF(VLOOKUP($C96,Intermediate!$C$2:$R$208,10,FALSE)=L96, "", IF(L96="x","+", "-")) | AC96: =IF(VLOOKUP($C96,Intermediate!$C$2:$R$208,11,FALSE)=M96, "", IF(M96="x","+", "-")) | AD96: =IF(VLOOKUP($C96,Intermediate!$C$2:$R$208,12,FALSE)=N96, "", IF(N96="x","+", "-")) | AE96: =IF(VLOOKUP($C96,Intermediate!$C$2:$R$208,13,FALSE)=O96, "", IF(O96="x","+", "-")) | AF96: =IF(VLOOKUP($C96,Intermediate!$C$2:$R$208,14,FALSE)=P96, "", IF(P96="x","+", "-")) | AG96: =IF(VLOOKUP($C96,Intermediate!$C$2:$R$208,15,FALSE)=Q96, "", IF(Q96="x","+", "-")) | AH96: =IF(VLOOKUP($C96,Intermediate!$C$2:$R$208,16,FALSE)=R96, "", IF(R96="x","+", "-"))
A97: Requirements Engineering | B97: UL | C97: =_xlfn.CONCAT(B97, " ", A97) -> UL Requirements Engineering | D97: X | T97: =IF(VLOOKUP($C97,Intermediate!$C$2:$R$208,2,FALSE)=D97, "", IF(D97="x","+", "-")) | U97: =IF(VLOOKUP($C97,Intermediate!$C$2:$R$208,3,FALSE)=E97, "", IF(E97="x","+", "-")) | V97: =IF(VLOOKUP($C97,Intermediate!$C$2:$R$208,4,FALSE)=F97, "", IF(F97="x","+", "-")) | W97: =IF(VLOOKUP($C97,Intermediate!$C$2:$R$208,5,FALSE)=G97, "", IF(G97="x","+", "-")) | X97: =IF(VLOOKUP($C97,Intermediate!$C$2:$R$208,6,FALSE)=H97, "", IF(H97="x","+", "-")) | Y97: =IF(VLOOKUP($C97,Intermediate!$C$2:$R$208,7,FALSE)=I97, "", IF(I97="x","+", "-")) | Z97: =IF(VLOOKUP($C97,Intermediate!$C$2:$R$208,8,FALSE)=J97, "", IF(J97="x","+", "-")) | AA97: =IF(VLOOKUP($C97,Intermediate!$C$2:$R$208,9,FALSE)=K97, "", IF(K97="x","+", "-")) | AB97: =IF(VLOOKUP($C97,Intermediate!$C$2:$R$208,10,FALSE)=L97, "", IF(L97="x","+", "-")) | AC97: =IF(VLOOKUP($C97,Intermediate!$C$2:$R$208,11,FALSE)=M97, "", IF(M97="x","+", "-")) | AD97: =IF(VLOOKUP($C97,Intermediate!$C$2:$R$208,12,FALSE)=N97, "", IF(N97="x","+", "-")) | AE97: =IF(VLOOKUP($C97,Intermediate!$C$2:$R$208,13,FALSE)=O97, "", IF(O97="x","+", "-")) | AF97: =IF(VLOOKUP($C97,Intermediate!$C$2:$R$208,14,FALSE)=P97, "", IF(P97="x","+", "-")) | AG97: =IF(VLOOKUP($C97,Intermediate!$C$2:$R$208,15,FALSE)=Q97, "", IF(Q97="x","+", "-")) | AH97: =IF(VLOOKUP($C97,Intermediate!$C$2:$R$208,16,FALSE)=R97, "", IF(R97="x","+", "-"))
A98: Security | B98: UL | C98: =_xlfn.CONCAT(B98, " ", A98) -> UL Security | O98: X | T98: =IF(VLOOKUP($C98,Intermediate!$C$2:$R$208,2,FALSE)=D98, "", IF(D98="x","+", "-")) | U98: =IF(VLOOKUP($C98,Intermediate!$C$2:$R$208,3,FALSE)=E98, "", IF(E98="x","+", "-")) | V98: =IF(VLOOKUP($C98,Intermediate!$C$2:$R$208,4,FALSE)=F98, "", IF(F98="x","+", "-")) | W98: =IF(VLOOKUP($C98,Intermediate!$C$2:$R$208,5,FALSE)=G98, "", IF(G98="x","+", "-")) | X98: =IF(VLOOKUP($C98,Intermediate!$C$2:$R$208,6,FALSE)=H98, "", IF(H98="x","+", "-")) | Y98: =IF(VLOOKUP($C98,Intermediate!$C$2:$R$208,7,FALSE)=I98, "", IF(I98="x","+", "-")) | Z98: =IF(VLOOKUP($C98,Intermediate!$C$2:$R$208,8,FALSE)=J98, "", IF(J98="x","+", "-")) | AA98: =IF(VLOOKUP($C98,Intermediate!$C$2:$R$208,9,FALSE)=K98, "", IF(K98="x","+", "-")) | AB98: =IF(VLOOKUP($C98,Intermediate!$C$2:$R$208,10,FALSE)=L98, "", IF(L98="x","+", "-")) | AC98: =IF(VLOOKUP($C98,Intermediate!$C$2:$R$208,11,FALSE)=M98, "", IF(M98="x","+", "-")) | AD98: =IF(VLOOKUP($C98,Intermediate!$C$2:$R$208,12,FALSE)=N98, "", IF(N98="x","+", "-")) | AE98: =IF(VLOOKUP($C98,Intermediate!$C$2:$R$208,13,FALSE)=O98, "", IF(O98="x","+", "-")) | AF98: =IF(VLOOKUP($C98,Intermediate!$C$2:$R$208,14,FALSE)=P98, "", IF(P98="x","+", "-")) | AG98: =IF(VLOOKUP($C98,Intermediate!$C$2:$R$208,15,FALSE)=Q98, "", IF(Q98="x","+", "-")) | AH98: =IF(VLOOKUP($C98,Intermediate!$C$2:$R$208,16,FALSE)=R98, "", IF(R98="x","+", "-"))
A99: Seminar Business Information Systems | B99: UL | C99: =_xlfn.CONCAT(B99, " ", A99) -> UL Seminar Business Information Systems | E99: X | I99: X | L99: X | T99: =IF(VLOOKUP($C99,Intermediate!$C$2:$R$208,2,FALSE)=D99, "", IF(D99="x","+", "-")) | U99: =IF(VLOOKUP($C99,Intermediate!$C$2:$R$208,3,FALSE)=E99, "", IF(E99="x","+", "-")) | V99: =IF(VLOOKUP($C99,Intermediate!$C$2:$R$208,4,FALSE)=F99, "", IF(F99="x","+", "-")) | W99: =IF(VLOOKUP($C99,Intermediate!$C$2:$R$208,5,FALSE)=G99, "", IF(G99="x","+", "-")) | X99: =IF(VLOOKUP($C99,Intermediate!$C$2:$R$208,6,FALSE)=H99, "", IF(H99="x","+", "-")) | Y99: =IF(VLOOKUP($C99,Intermediate!$C$2:$R$208,7,FALSE)=I99, "", IF(I99="x","+", "-")) | Z99: =IF(VLOOKUP($C99,Intermediate!$C$2:$R$208,8,FALSE)=J99, "", IF(J99="x","+", "-")) | AA99: =IF(VLOOKUP($C99,Intermediate!$C$2:$R$208,9,FALSE)=K99, "", IF(K99="x","+", "-")) | AB99: =IF(VLOOKUP($C99,Intermediate!$C$2:$R$208,10,FALSE)=L99, "", IF(L99="x","+", "-")) | AC99: =IF(VLOOKUP($C99,Intermediate!$C$2:$R$208,11,FALSE)=M99, "", IF(M99="x","+", "-")) | AD99: =IF(VLOOKUP($C99,Intermediate!$C$2:$R$208,12,FALSE)=N99, "", IF(N99="x","+", "-")) | AE99: =IF(VLOOKUP($C99,Intermediate!$C$2:$R$208,13,FALSE)=O99, "", IF(O99="x","+", "-")) | AF99: =IF(VLOOKUP($C99,Intermediate!$C$2:$R$208,14,FALSE)=P99, "", IF(P99="x","+", "-")) | AG99: =IF(VLOOKUP($C99,Intermediate!$C$2:$R$208,15,FALSE)=Q99, "", IF(Q99="x","+", "-")) | AH99: =IF(VLOOKUP($C99,Intermediate!$C$2:$R$208,16,FALSE)=R99, "", IF(R99="x","+", "-"))
A100: Software Development | B100: UL | C100: =_xlfn.CONCAT(B100, " ", A100) -> UL Software Development | G100: X | M100: X | T100: =IF(VLOOKUP($C100,Intermediate!$C$2:$R$208,2,FALSE)=D100, "", IF(D100="x","+", "-")) | U100: =IF(VLOOKUP($C100,Intermediate!$C$2:$R$208,3,FALSE)=E100, "", IF(E100="x","+", "-")) | V100: =IF(VLOOKUP($C100,Intermediate!$C$2:$R$208,4,FALSE)=F100, "", IF(F100="x","+", "-")) | W100: =IF(VLOOKUP($C100,Intermediate!$C$2:$R$208,5,FALSE)=G100, "", IF(G100="x","+", "-")) | X100: =IF(VLOOKUP($C100,Intermediate!$C$2:$R$208,6,FALSE)=H100, "", IF(H100="x","+", "-")) | Y100: =IF(VLOOKUP($C100,Intermediate!$C$2:$R$208,7,FALSE)=I100, "", IF(I100="x","+", "-")) | Z100: =IF(VLOOKUP($C100,Intermediate!$C$2:$R$208,8,FALSE)=J100, "", IF(J100="x","+", "-")) | AA100: =IF(VLOOKUP($C100,Intermediate!$C$2:$R$208,9,FALSE)=K100, "", IF(K100="x","+", "-")) | AB100: =IF(VLOOKUP($C100,Intermediate!$C$2:$R$208,10,FALSE)=L100, "", IF(L100="x","+", "-")) | AC100: =IF(VLOOKUP($C100,Intermediate!$C$2:$R$208,11,FALSE)=M100, "", IF(M100="x","+", "-")) | AD100: =IF(VLOOKUP($C100,Intermediate!$C$2:$R$208,12,FALSE)=N100, "", IF(N100="x","+", "-")) | AE100: =IF(VLOOKUP($C100,Intermediate!$C$2:$R$208,13,FALSE)=O100, "", IF(O100="x","+", "-")) | AF100: =IF(VLOOKUP($C100,Intermediate!$C$2:$R$208,14,FALSE)=P100, "", IF(P100="x","+", "-")) | AG100: =IF(VLOOKUP($C100,Intermediate!$C$2:$R$208,15,FALSE)=Q100, "", IF(Q100="x","+", "-")) | AH100: =IF(VLOOKUP($C100,Intermediate!$C$2:$R$208,16,FALSE)=R100, "", IF(R100="x","+", "-"))
...
